{
    "Areas": [

{ 	"AreaName": "Labyrinth Teleport_Blue EasyRD", 
			"Type": "ContaminatedArea_Static", 
			"TriggerType": "effecttrigger",
			"Data": { 
				"Pos": [ 8794.74, 32.00, 1977.00 ],
				"Radius": 5,
				"PosHeight": 22,
				"NegHeight": 10,
				"InnerRingCount": 1,
				"InnerPartDist": 50,
				"OuterRingToggle": 1, 
				"OuterPartDist": 50, 
				"OuterOffset": 0, 
				"VerticalLayers": 0,
				"VerticalOffset": 0,
				"ParticleName": "graphics/particles/fire_small_flare_blue_01"
				},
			"PlayerData": {
				"AroundPartName": "graphics/particles/fire_small_flare_blue_01",
				"TinyPartName": "graphics/particles/fire_small_flare_blue_01",
				"PPERequesterType": ""
			}
		},
{ 	"AreaName": "Labyrinth Teleport_Green EasyRD", 
			"Type": "ContaminatedArea_Static", 
			"TriggerType": "effecttrigger",
			"Data": { 
				"Pos": [ 8794.74, 31.50, 1977.00 ],
				"Radius": 5,
				"PosHeight": 22,
				"NegHeight": 10,
				"InnerRingCount": 1,
				"InnerPartDist": 50,
				"OuterRingToggle": 1, 
				"OuterPartDist": 50, 
				"OuterOffset": 0, 
				"VerticalLayers": 0,
				"VerticalOffset": 0,
				"ParticleName": "graphics/particles/fire_small_flare_green_01"
				},
			"PlayerData": {
				"AroundPartName": "graphics/particles/fire_small_flare_green_01",
				"TinyPartName": "graphics/particles/fire_small_flare_green_01",
				"PPERequesterType": ""
			}
		},

{ 	"AreaName": "Labyrinth Teleport_Blue HardRD", 
			"Type": "ContaminatedArea_Static", 
			"TriggerType": "effecttrigger",
			"Data": { 
				"Pos": [ 8792.50, 25.54, 1979.12 ],
				"Radius": 5,
				"PosHeight": 22,
				"NegHeight": 10,
				"InnerRingCount": 1,
				"InnerPartDist": 50,
				"OuterRingToggle": 1, 
				"OuterPartDist": 50, 
				"OuterOffset": 0, 
				"VerticalLayers": 0,
				"VerticalOffset": 0,
				"ParticleName": "graphics/particles/fire_small_flare_blue_01"
				},
			"PlayerData": {
				"AroundPartName": "graphics/particles/fire_small_flare_blue_01",
				"TinyPartName": "graphics/particles/fire_small_flare_blue_01",
				"PPERequesterType": ""
			}
		},

{ 	"AreaName": "Labyrinth Teleport_Green_HardRD", 
			"Type": "ContaminatedArea_Static", 
			"TriggerType": "effecttrigger",
			"Data": { 
				"Pos": [ 8792.50, 25.04, 1979.12 ],
				"Radius": 5,
				"PosHeight": 22,
				"NegHeight": 10,
				"InnerRingCount": 1,
				"InnerPartDist": 50,
				"OuterRingToggle": 1, 
				"OuterPartDist": 50, 
				"OuterOffset": 0, 
				"VerticalLayers": 0,
				"VerticalOffset": 0,
				"ParticleName": "graphics/particles/fire_small_flare_green_01"
				},
			"PlayerData": {
				"AroundPartName": "graphics/particles/fire_small_flare_green_01",
				"TinyPartName": "graphics/particles/fire_small_flare_green_01",
				"PPERequesterType": ""
			}
		},


{	"AreaName": "Research-Facility",
			"Type": "ContaminatedArea_Static",
			"TriggerType": "ContaminatedTrigger",
			"Data": {
				"Pos": [ 6552, 25, 2900.7 ],
				"Radius": 100,
				"PosHeight": 12,
				"NegHeight": 10,
				"InnerRingCount": 2,
				"InnerPartDist": 35,
				"OuterRingToggle": 1,
				"OuterPartDist": 20,
				"OuterOffset": -5,
				"VerticalLayers": 0,
				"VerticalOffset": 25,
				"ParticleName": "graphics/particles/contaminated_area_gas_bigass"
				},
			"PlayerData": {
				"AroundPartName": "graphics/particles/contaminated_area_gas_around",
				"TinyPartName": "graphics/particles/contaminated_area_gas_around_tiny",
				"PPERequesterType": "PPERequester_ContaminatedAreaTint"
			}
		},
{	"AreaName": "Research-Facility",
			"Type": "ContaminatedArea_Static",
			"TriggerType": "ContaminatedTrigger",
			"Data": {
				"Pos": [ 6400, 25, 2923 ],
				"Radius": 80,
				"PosHeight": 12,
				"NegHeight": 10,
				"InnerRingCount": 2,
				"InnerPartDist": 35,
				"OuterRingToggle": 1,
				"OuterPartDist": 20,
				"OuterOffset": -5,
				"VerticalLayers": 0,
				"VerticalOffset": 25,
				"ParticleName": "graphics/particles/contaminated_area_gas_bigass"
				},
			"PlayerData": {
				"AroundPartName": "graphics/particles/contaminated_area_gas_around",
				"TinyPartName": "graphics/particles/contaminated_area_gas_around_tiny",
				"PPERequesterType": "PPERequester_ContaminatedAreaTint"
			}
		},
{ 	"AreaName": "Swamp", 
			"Type": "ContaminatedArea_Static", 
			"TriggerType": "ContaminatedTrigger",
			"Data": { 
				"Pos": [ 2913.31, 0, 4202.21 ],
				"Radius": 80,
				"PosHeight": 11,
				"NegHeight": 10,
				"InnerRingCount": 2,
				"InnerPartDist": 50,
				"OuterRingToggle": 1, 
				"OuterPartDist": 40, 
				"OuterOffset": 0, 
				"VerticalLayers": 0,
				"VerticalOffset": 0,
				"ParticleName": "graphics/particles/contaminated_area_gas_bigass"
				},
			"PlayerData": {
				"AroundPartName": "graphics/particles/contaminated_area_gas_around",
				"TinyPartName": "graphics/particles/contaminated_area_gas_around_tiny",
				"PPERequesterType": "PPERequester_ContaminatedAreaTint"
			}
		},
{ 	"AreaName": "Swamp", 
			"Type": "ContaminatedArea_Static", 
			"TriggerType": "ContaminatedTrigger",
			"Data": { 
				"Pos": [ 2913.31, 0, 4202.21 ],
				"Radius": 110,
				"PosHeight": 11,
				"NegHeight": 10,
				"InnerRingCount": 2,
				"InnerPartDist": 50,
				"OuterRingToggle": 1, 
				"OuterPartDist": 40, 
				"OuterOffset": 0, 
				"VerticalLayers": 0,
				"VerticalOffset": 0,
				"ParticleName": "graphics/particles/contaminated_area_gas_bigass"
				},
			"PlayerData": {
				"AroundPartName": "graphics/particles/contaminated_area_gas_around",
				"TinyPartName": "graphics/particles/contaminated_area_gas_around_tiny",
				"PPERequesterType": "PPERequester_ContaminatedAreaTint"
			}
		}
    ],

	"SafePositions":[

	]
}
