{
	"version": 115,
	"GeneralData":
	{
		"disableBaseDamage": 0,
		"disableContainerDamage": 0,
		"disableRespawnDialog": 0
	},
    "PlayerData":
	{
		"disablePersonalLight": 0,
		"StaminaData":
		{
			"sprintStaminaModifierErc": 1.0,
			"sprintStaminaModifierCro": 1.0,
			"staminaWeightLimitThreshold": 6000.0,
			"staminaMax": 100.0,
			"staminaKgToStaminaPercentPenalty": 1.75,
			"staminaMinCap": 5.0
		}
	},
	"WorldsData":
	{
		"lightingConfig": 2,
		"objectSpawnersArr": []
	},
	"BaseBuildingData":
	{
		"HologramData":
		{
			"disableIsCollidingBBoxCheck": 0,
			"disableIsCollidingPlayerCheck": 0,
			"disableIsClippingRoofCheck": 0,
			"disableIsBaseViableCheck": 0,
			"disableIsCollidingGPlotCheck": 0,
			"disableIsCollidingAngleCheck": 0,
			"disableIsPlacementPermittedCheck": 0,
			"disableHeightPlacementCheck": 0,
			"disableIsUnderwaterCheck": 0,
			"disableIsInTerrainCheck": 0
		},
		"ConstructionData":
		{
			"disablePerformRoofCheck": 0,
			"disableIsCollidingCheck": 0,
			"disableDistanceCheck": 0
		}
	},
	"UIData":
	{
		"HitIndicationData":
		{
			"hitDirectionOverrideEnabled": 0,
			"hitDirectionBehaviour": 1,
			"hitDirectionStyle": 0,
			"hitDirectionIndicatorColorStr": "0xffbb0a1e",
			"hitDirectionMaxDuration": 2.0,
			"hitDirectionBreakPointRelative": 0.2,
			"hitDirectionScatter": 10.0,
			"hitIndicationPostProcessEnabled": 1
		}
	}
}