<?xml version="1.0" encoding="UTF-8"?>
<territory-type>
    <territory color="1728009472">
        <zone name="Graze" smin="0" smax="0" dmin="0" dmax="0" x="8774.77" z="2104.82" r="25"/>
        <zone name="Graze" smin="0" smax="0" dmin="0" dmax="0" x="9074.62" z="1744.95" r="25"/>
        <zone name="Graze" smin="0" smax="0" dmin="0" dmax="0" x="8901.46" z="1896.36" r="25"/>
        <zone name="Graze" smin="0" smax="0" dmin="0" dmax="0" x="1344.96" z="1199.88" r="150"/>
    </territory>
    <territory color="1728009472">
        <zone name="Graze" smin="0" smax="0" dmin="0" dmax="0" x="827.46" z="6254.38" r="50"/>
        <zone name="Graze" smin="0" smax="0" dmin="0" dmax="0" x="1730.82" z="3042.82" r="80"/>
        <zone name="Graze" smin="0" smax="0" dmin="0" dmax="0" x="9596.03" z="6024.6" r="50"/>
        <zone name="Graze" smin="0" smax="0" dmin="0" dmax="0" x="6084.79" z="1184.34" r="80"/>
    </territory>
    <territory color="1728009472">
        <zone name="Graze" smin="0" smax="0" dmin="0" dmax="0" x="6099.47" z="9398.15" r="80"/>
        <zone name="Graze" smin="0" smax="0" dmin="0" dmax="0" x="6932.77" z="9118.37" r="50"/>
        <zone name="Graze" smin="0" smax="0" dmin="0" dmax="0" x="6046.8" z="9323.6" r="80"/>
        <zone name="Graze" smin="0" smax="0" dmin="0" dmax="0" x="8417.77" z="8906.35" r="50"/>
        <zone name="Graze" smin="0" smax="0" dmin="0" dmax="0" x="6052.15" z="3414.42" r="80"/>
    </territory>
    <territory color="1728009472">
        <zone name="Graze" smin="0" smax="0" dmin="0" dmax="0" x="8132.75" z="8941.81" r="50"/>
        <zone name="Graze" smin="0" smax="0" dmin="0" dmax="0" x="6544.98" z="8230.43" r="80"/>
        <zone name="Graze" smin="0" smax="0" dmin="0" dmax="0" x="5608.58" z="668.46" r="80"/>
        <zone name="Graze" smin="0" smax="0" dmin="0" dmax="0" x="7732.1" z="1115.24" r="120"/>
    </territory>
    <territory color="1728009472">
        <zone name="Graze" smin="0" smax="0" dmin="0" dmax="0" x="5960.45" z="7261.1" r="80"/>
        <zone name="Graze" smin="0" smax="0" dmin="0" dmax="0" x="5737.35" z="7176.81" r="50"/>
        <zone name="Graze" smin="0" smax="0" dmin="0" dmax="0" x="4668.56" z="7230.33" r="80"/>
        <zone name="Graze" smin="0" smax="0" dmin="0" dmax="0" x="4500.2" z="6790.96" r="50"/>
        <zone name="Graze" smin="0" smax="0" dmin="0" dmax="0" x="4536.1" z="7230.1" r="80"/>
    </territory>
    <territory color="1728009472">
        <zone name="Graze" smin="0" smax="0" dmin="0" dmax="0" x="5247.42" z="7047.83" r="50"/>
        <zone name="Graze" smin="0" smax="0" dmin="0" dmax="0" x="3059.4" z="9969.04" r="80"/>
        <zone name="Graze" smin="0" smax="0" dmin="0" dmax="0" x="3344.02" z="9544.11" r="50"/>
        <zone name="Graze" smin="0" smax="0" dmin="0" dmax="0" x="3080.15" z="6951.24" r="80"/>
        <zone name="Graze" smin="0" smax="0" dmin="0" dmax="0" x="3348.72" z="7151.01" r="50"/>
        <zone name="Graze" smin="0" smax="0" dmin="0" dmax="0" x="5739.25" z="3714.19" r="80"/>
    </territory>
    <territory color="1728009472">
        <zone name="Graze" smin="0" smax="0" dmin="0" dmax="0" x="1000" z="775" r="120"/>
        <zone name="Graze" smin="0" smax="0" dmin="0" dmax="0" x="860" z="9330" r="120"/>
    </territory>
    <territory color="1728009472">
        <zone name="Graze" smin="0" smax="0" dmin="0" dmax="0" x="8638.3" z="8397.51" r="80"/>
        <zone name="Graze" smin="0" smax="0" dmin="0" dmax="0" x="8060.4" z="8249.4" r="50"/>
        <zone name="Graze" smin="0" smax="0" dmin="0" dmax="0" x="7360.48" z="8067.61" r="80"/>
        <zone name="Graze" smin="0" smax="0" dmin="0" dmax="0" x="7025.57" z="8260.56" r="50"/>
        <zone name="Graze" smin="0" smax="0" dmin="0" dmax="0" x="7406.79" z="8430.25" r="80"/>
        <zone name="Graze" smin="0" smax="0" dmin="0" dmax="0" x="7254.38" z="7161.5" r="50"/>
    </territory>
    <territory color="1728009472">
        <zone name="Graze" smin="0" smax="0" dmin="0" dmax="0" x="2826.44" z="6550.49" r="80"/>
        <zone name="Graze" smin="0" smax="0" dmin="0" dmax="0" x="2465.96" z="8172.78" r="50"/>
        <zone name="Graze" smin="0" smax="0" dmin="0" dmax="0" x="2994.45" z="8172.78" r="80"/>
        <zone name="Graze" smin="0" smax="0" dmin="0" dmax="0" x="6111.28" z="6829.08" r="50"/>
        <zone name="Graze" smin="0" smax="0" dmin="0" dmax="0" x="6442.29" z="9056.87" r="50"/>
    </territory>
    <territory color="1728009472">
        <zone name="Graze" smin="0" smax="0" dmin="0" dmax="0" x="6000.71" z="7400.83" r="50"/>
        <zone name="Graze" smin="0" smax="0" dmin="0" dmax="0" x="5000.15" z="7200.15" r="80"/>
        <zone name="Graze" smin="0" smax="0" dmin="0" dmax="0" x="6000.15" z="7200.25" r="50"/>
        <zone name="Graze" smin="0" smax="0" dmin="0" dmax="0" x="2994.45" z="8172.78" r="80"/>
        <zone name="Graze" smin="0" smax="0" dmin="0" dmax="0" x="8529.52" z="7610.52" r="50"/>
    </territory>
</territory-type>
