<?xml version="1.0" encoding="UTF-8"?>
<territory-type>
    <territory color="3556750600">
        <zone name="Zone_hen" smin="0" smax="0" dmin="0" dmax="0" x="12262.5" z="12555" r="150"/>
        <zone name="Zone_hen" smin="0" smax="0" dmin="0" dmax="0" x="11970" z="12562.5" r="142.5"/>
        <zone name="Zone_hen" smin="0" smax="0" dmin="0" dmax="0" x="12135" z="13560" r="105"/>
        <zone name="Zone_hen" smin="0" smax="0" dmin="0" dmax="0" x="11572.5" z="12420" r="97.5"/>
        <zone name="Zone_hen" smin="0" smax="0" dmin="0" dmax="0" x="11745" z="12165" r="82.5"/>
        <zone name="Zone_hen" smin="0" smax="0" dmin="0" dmax="0" x="12435" z="12367.5" r="82.5"/>
        <zone name="Zone_hen" smin="0" smax="0" dmin="0" dmax="0" x="11332.5" z="12517.5" r="82.5"/>
        <zone name="Zone_hen" smin="0" smax="0" dmin="0" dmax="0" x="11767.5" z="12495" r="75"/>
        <zone name="Zone_hen" smin="0" smax="0" dmin="0" dmax="0" x="12487.5" z="12525" r="75"/>
    </territory>
    <territory color="3556750600">
        <zone name="Zone_hen" smin="0" smax="0" dmin="0" dmax="0" x="6472.5" z="6180" r="90"/>
    </territory>
    <territory color="3556750600">
        <zone name="Zone_hen" smin="0" smax="0" dmin="0" dmax="0" x="11385" z="15037.5" r="90"/>
    </territory>
    <territory color="3556750600">
        <zone name="Zone_hen" smin="0" smax="0" dmin="0" dmax="0" x="1350" z="14167.5" r="97.5"/>
    </territory>
    <territory color="3556750600">
        <zone name="Zone_hen" smin="0" smax="0" dmin="0" dmax="0" x="5730" z="2595" r="150"/>
        <zone name="Zone_hen" smin="0" smax="0" dmin="0" dmax="0" x="6397.5" z="2385" r="150"/>
        <zone name="Zone_hen" smin="0" smax="0" dmin="0" dmax="0" x="5167.5" z="2257.5" r="127.5"/>
        <zone name="Zone_hen" smin="0" smax="0" dmin="0" dmax="0" x="5752.5" z="2325" r="120"/>
        <zone name="Zone_hen" smin="0" smax="0" dmin="0" dmax="0" x="5467.5" z="2700" r="112.5"/>
        <zone name="Zone_hen" smin="0" smax="0" dmin="0" dmax="0" x="6202.5" z="2152.5" r="105"/>
        <zone name="Zone_hen" smin="0" smax="0" dmin="0" dmax="0" x="6322.5" z="2640" r="105"/>
        <zone name="Zone_hen" smin="0" smax="0" dmin="0" dmax="0" x="5970" z="2610" r="97.5"/>
        <zone name="Zone_hen" smin="0" smax="0" dmin="0" dmax="0" x="6022.5" z="2160" r="75"/>
        <zone name="Zone_hen" smin="0" smax="0" dmin="0" dmax="0" x="6187.5" z="2505" r="75"/>
    </territory>
    <territory color="3556750600">
        <zone name="Zone_hen" smin="0" smax="0" dmin="0" dmax="0" x="2002.5" z="7327.5" r="120"/>
        <zone name="Zone_hen" smin="0" smax="0" dmin="0" dmax="0" x="2992.5" z="6742.5" r="90"/>
        <zone name="Zone_hen" smin="0" smax="0" dmin="0" dmax="0" x="1890" z="7507.5" r="75"/>
    </territory>
    <territory color="3556750600">
        <zone name="Zone_hen" smin="0" smax="0" dmin="0" dmax="0" x="2737.5" z="5362.5" r="150"/>
        <zone name="Zone_hen" smin="0" smax="0" dmin="0" dmax="0" x="2640" z="5092.5" r="135"/>
        <zone name="Zone_hen" smin="0" smax="0" dmin="0" dmax="0" x="2295" z="5227.5" r="120"/>
        <zone name="Zone_hen" smin="0" smax="0" dmin="0" dmax="0" x="2617.5" z="5617.5" r="112.5"/>
        <zone name="Zone_hen" smin="0" smax="0" dmin="0" dmax="0" x="2970" z="5407.5" r="90"/>
        <zone name="Zone_hen" smin="0" smax="0" dmin="0" dmax="0" x="2662.5" z="5977.5" r="90"/>
        <zone name="Zone_hen" smin="0" smax="0" dmin="0" dmax="0" x="2505" z="5407.5" r="82.5"/>
        <zone name="Zone_hen" smin="0" smax="0" dmin="0" dmax="0" x="3187.5" z="5197.5" r="75"/>
    </territory>
    <territory color="3556750600">
        <zone name="Zone_hen" smin="0" smax="0" dmin="0" dmax="0" x="5865" z="4770" r="127.5"/>
        <zone name="Zone_hen" smin="0" smax="0" dmin="0" dmax="0" x="6540" z="5602.5" r="97.5"/>
        <zone name="Zone_hen" smin="0" smax="0" dmin="0" dmax="0" x="6082.5" z="4905" r="82.5"/>
    </territory>
    <territory color="3556750600">
        <zone name="Zone_hen" smin="0" smax="0" dmin="0" dmax="0" x="3682.5" z="13072.5" r="150"/>
        <zone name="Zone_hen" smin="0" smax="0" dmin="0" dmax="0" x="3412.5" z="12742.5" r="135"/>
        <zone name="Zone_hen" smin="0" smax="0" dmin="0" dmax="0" x="3075" z="12637.5" r="105"/>
        <zone name="Zone_hen" smin="0" smax="0" dmin="0" dmax="0" x="3862.5" z="12862.5" r="97.5"/>
        <zone name="Zone_hen" smin="0" smax="0" dmin="0" dmax="0" x="4132.5" z="13117.5" r="90"/>
        <zone name="Zone_hen" smin="0" smax="0" dmin="0" dmax="0" x="4027.5" z="11662.5" r="82.5"/>
        <zone name="Zone_hen" smin="0" smax="0" dmin="0" dmax="0" x="3960" z="12562.5" r="82.5"/>
        <zone name="Zone_hen" smin="0" smax="0" dmin="0" dmax="0" x="4170" z="12112.5" r="75"/>
        <zone name="Zone_hen" smin="0" smax="0" dmin="0" dmax="0" x="3435" z="12322.5" r="75"/>
        <zone name="Zone_hen" smin="0" smax="0" dmin="0" dmax="0" x="3900" z="13035" r="75"/>
    </territory>
    <territory color="3556750600">
        <zone name="Zone_hen" smin="0" smax="0" dmin="0" dmax="0" x="5490" z="12615" r="142.5"/>
        <zone name="Zone_hen" smin="0" smax="0" dmin="0" dmax="0" x="5100" z="12727.5" r="97.5"/>
        <zone name="Zone_hen" smin="0" smax="0" dmin="0" dmax="0" x="5970" z="12412.5" r="75"/>
        <zone name="Zone_hen" smin="0" smax="0" dmin="0" dmax="0" x="5700" z="12630" r="75"/>
        <zone name="Zone_hen" smin="0" smax="0" dmin="0" dmax="0" x="5272.5" z="12652.5" r="75"/>
        <zone name="Zone_hen" smin="0" smax="0" dmin="0" dmax="0" x="5925" z="12660" r="75"/>
    </territory>
    <territory color="3556750600">
        <zone name="Zone_hen" smin="0" smax="0" dmin="0" dmax="0" x="11235" z="4282.5" r="97.5"/>
        <zone name="Zone_hen" smin="0" smax="0" dmin="0" dmax="0" x="11115" z="4095" r="82.5"/>
    </territory>
    <territory color="3556750600">
        <zone name="Zone_hen" smin="0" smax="0" dmin="0" dmax="0" x="9592.5" z="8812.5" r="150"/>
        <zone name="Zone_hen" smin="0" smax="0" dmin="0" dmax="0" x="9847.5" z="8737.5" r="105"/>
        <zone name="Zone_hen" smin="0" smax="0" dmin="0" dmax="0" x="10357.5" z="7417.5" r="75"/>
        <zone name="Zone_hen" smin="0" smax="0" dmin="0" dmax="0" x="9622.5" z="8587.5" r="75"/>
    </territory>
    <territory color="3556750600">
        <zone name="Zone_hen" smin="0" smax="0" dmin="0" dmax="0" x="4680" z="6322.5" r="75"/>
    </territory>
    <territory color="3556750600">
        <zone name="Zone_hen" smin="0" smax="0" dmin="0" dmax="0" x="10462.5" z="2032.5" r="75"/>
    </territory>
    <territory color="3556750600">
        <zone name="Zone_hen" smin="0" smax="0" dmin="0" dmax="0" x="2490" z="11002.5" r="112.5"/>
        <zone name="Zone_hen" smin="0" smax="0" dmin="0" dmax="0" x="2287.5" z="11242.5" r="75"/>
    </territory>
    <territory color="3556750600">
        <zone name="Zone_hen" smin="0" smax="0" dmin="0" dmax="0" x="13350" z="12952.5" r="127.5"/>
        <zone name="Zone_hen" smin="0" smax="0" dmin="0" dmax="0" x="13140" z="13102.5" r="97.5"/>
        <zone name="Zone_hen" smin="0" smax="0" dmin="0" dmax="0" x="12510" z="13875" r="97.5"/>
        <zone name="Zone_hen" smin="0" smax="0" dmin="0" dmax="0" x="13725" z="13297.5" r="90"/>
        <zone name="Zone_hen" smin="0" smax="0" dmin="0" dmax="0" x="13552.5" z="13335" r="82.5"/>
        <zone name="Zone_hen" smin="0" smax="0" dmin="0" dmax="0" x="13245" z="13695" r="82.5"/>
        <zone name="Zone_hen" smin="0" smax="0" dmin="0" dmax="0" x="12945" z="12772.5" r="75"/>
        <zone name="Zone_hen" smin="0" smax="0" dmin="0" dmax="0" x="12457.5" z="13560" r="75"/>
        <zone name="Zone_hen" smin="0" smax="0" dmin="0" dmax="0" x="12345" z="13815" r="75"/>
        <zone name="Zone_hen" smin="0" smax="0" dmin="0" dmax="0" x="12750" z="13927.5" r="75"/>
    </territory>
    <territory color="3556750600">
        <zone name="Zone_hen" smin="0" smax="0" dmin="0" dmax="0" x="10237.5" z="3750" r="75"/>
    </territory>
    <territory color="3556750600">
        <zone name="Zone_hen" smin="0" smax="0" dmin="0" dmax="0" x="4717.5" z="6795" r="135"/>
    </territory>
    <territory color="3556750600">
        <zone name="Zone_hen" smin="0" smax="0" dmin="0" dmax="0" x="6585" z="6037.5" r="90"/>
        <zone name="Zone_hen" smin="0" smax="0" dmin="0" dmax="0" x="6765" z="5595" r="82.5"/>
    </territory>
    <territory color="3556750600">
        <zone name="Zone_hen" smin="0" smax="0" dmin="0" dmax="0" x="3585" z="2227.5" r="90"/>
    </territory>
    <territory color="3556750600">
        <zone name="Zone_hen" smin="0" smax="0" dmin="0" dmax="0" x="4807.5" z="10252.5" r="120"/>
        <zone name="Zone_hen" smin="0" smax="0" dmin="0" dmax="0" x="4627.5" z="9637.5" r="105"/>
        <zone name="Zone_hen" smin="0" smax="0" dmin="0" dmax="0" x="4995" z="9990" r="97.5"/>
        <zone name="Zone_hen" smin="0" smax="0" dmin="0" dmax="0" x="4567.5" z="10702.5" r="97.5"/>
        <zone name="Zone_hen" smin="0" smax="0" dmin="0" dmax="0" x="4680" z="10447.5" r="90"/>
        <zone name="Zone_hen" smin="0" smax="0" dmin="0" dmax="0" x="4897.5" z="9637.5" r="75"/>
        <zone name="Zone_hen" smin="0" smax="0" dmin="0" dmax="0" x="4522.5" z="9885" r="75"/>
    </territory>
    <territory color="3556750600">
        <zone name="Zone_hen" smin="0" smax="0" dmin="0" dmax="0" x="4522.5" z="11370" r="75"/>
        <zone name="Zone_hen" smin="0" smax="0" dmin="0" dmax="0" x="4582.5" z="11617.5" r="75"/>
    </territory>
    <territory color="3556750600">
        <zone name="Zone_hen" smin="0" smax="0" dmin="0" dmax="0" x="10657.5" z="8077.5" r="150"/>
    </territory>
    <territory color="3556750600">
        <zone name="Zone_hen" smin="0" smax="0" dmin="0" dmax="0" x="1972.5" z="10635" r="127.5"/>
    </territory>
    <territory color="3556750600">
        <zone name="Zone_hen" smin="0" smax="0" dmin="0" dmax="0" x="8370" z="5977.5" r="105"/>
        <zone name="Zone_hen" smin="0" smax="0" dmin="0" dmax="0" x="8497.5" z="6652.5" r="97.5"/>
        <zone name="Zone_hen" smin="0" smax="0" dmin="0" dmax="0" x="8542.5" z="6052.5" r="75"/>
    </territory>
    <territory color="3556750600">
        <zone name="Zone_hen" smin="0" smax="0" dmin="0" dmax="0" x="5182.5" z="15015" r="112.5"/>
        <zone name="Zone_hen" smin="0" smax="0" dmin="0" dmax="0" x="5752.5" z="15217.5" r="112.5"/>
        <zone name="Zone_hen" smin="0" smax="0" dmin="0" dmax="0" x="5445" z="14520" r="75"/>
        <zone name="Zone_hen" smin="0" smax="0" dmin="0" dmax="0" x="5640" z="14550" r="75"/>
        <zone name="Zone_hen" smin="0" smax="0" dmin="0" dmax="0" x="6472.5" z="14850" r="75"/>
        <zone name="Zone_hen" smin="0" smax="0" dmin="0" dmax="0" x="6480" z="15037.5" r="75"/>
        <zone name="Zone_hen" smin="0" smax="0" dmin="0" dmax="0" x="6652.5" z="15157.5" r="75"/>
        <zone name="Zone_hen" smin="0" smax="0" dmin="0" dmax="0" x="5572.5" z="15202.5" r="75"/>
    </territory>
    <territory color="3556750600">
        <zone name="Zone_hen" smin="0" smax="0" dmin="0" dmax="0" x="4470" z="2460" r="150"/>
        <zone name="Zone_hen" smin="0" smax="0" dmin="0" dmax="0" x="4770" z="2505" r="135"/>
        <zone name="Zone_hen" smin="0" smax="0" dmin="0" dmax="0" x="4890" z="2842.5" r="97.5"/>
        <zone name="Zone_hen" smin="0" smax="0" dmin="0" dmax="0" x="4965" z="2370" r="82.5"/>
        <zone name="Zone_hen" smin="0" smax="0" dmin="0" dmax="0" x="4222.5" z="2317.5" r="75"/>
    </territory>
    <territory color="3556750600">
        <zone name="Zone_hen" smin="0" smax="0" dmin="0" dmax="0" x="6637.5" z="2565" r="150"/>
        <zone name="Zone_hen" smin="0" smax="0" dmin="0" dmax="0" x="6922.5" z="2677.5" r="150"/>
        <zone name="Zone_hen" smin="0" smax="0" dmin="0" dmax="0" x="6810" z="3090" r="112.5"/>
        <zone name="Zone_hen" smin="0" smax="0" dmin="0" dmax="0" x="6855" z="2400" r="97.5"/>
        <zone name="Zone_hen" smin="0" smax="0" dmin="0" dmax="0" x="7147.5" z="2760" r="82.5"/>
        <zone name="Zone_hen" smin="0" smax="0" dmin="0" dmax="0" x="7312.5" z="2812.5" r="82.5"/>
        <zone name="Zone_hen" smin="0" smax="0" dmin="0" dmax="0" x="6622.5" z="2332.5" r="75"/>
        <zone name="Zone_hen" smin="0" smax="0" dmin="0" dmax="0" x="7132.5" z="2602.5" r="75"/>
        <zone name="Zone_hen" smin="0" smax="0" dmin="0" dmax="0" x="6735" z="2842.5" r="75"/>
        <zone name="Zone_hen" smin="0" smax="0" dmin="0" dmax="0" x="7095" z="3150" r="75"/>
    </territory>
    <territory color="3556750600">
        <zone name="Zone_hen" smin="0" smax="0" dmin="0" dmax="0" x="12945" z="8062.5" r="127.5"/>
    </territory>
    <territory color="3556750600">
        <zone name="Zone_hen" smin="0" smax="0" dmin="0" dmax="0" x="3442.5" z="14790" r="90"/>
    </territory>
    <territory color="3556750600">
        <zone name="Zone_hen" smin="0" smax="0" dmin="0" dmax="0" x="11932.5" z="9105" r="150"/>
        <zone name="Zone_hen" smin="0" smax="0" dmin="0" dmax="0" x="11700" z="9157.5" r="82.5"/>
    </territory>
    <territory color="3556750600">
        <zone name="Zone_hen" smin="0" smax="0" dmin="0" dmax="0" x="1560" z="14287.5" r="105"/>
    </territory>
    <territory color="3556750600">
        <zone name="Zone_hen" smin="0" smax="0" dmin="0" dmax="0" x="7965" z="14647.5" r="127.5"/>
        <zone name="Zone_hen" smin="0" smax="0" dmin="0" dmax="0" x="7740" z="14827.5" r="90"/>
        <zone name="Zone_hen" smin="0" smax="0" dmin="0" dmax="0" x="7950" z="14857.5" r="82.5"/>
        <zone name="Zone_hen" smin="0" smax="0" dmin="0" dmax="0" x="6810" z="15142.5" r="82.5"/>
    </territory>
    <territory color="3556750600">
        <zone name="Zone_hen" smin="0" smax="0" dmin="0" dmax="0" x="5265" z="10582.5" r="90"/>
    </territory>
    <territory color="3556750600">
        <zone name="Zone_hen" smin="0" smax="0" dmin="0" dmax="0" x="4492.5" z="6412.5" r="127.5"/>
        <zone name="Zone_hen" smin="0" smax="0" dmin="0" dmax="0" x="3705" z="5985" r="90"/>
        <zone name="Zone_hen" smin="0" smax="0" dmin="0" dmax="0" x="3202.5" z="6105" r="82.5"/>
    </territory>
    <territory color="3556750600">
        <zone name="Zone_hen" smin="0" smax="0" dmin="0" dmax="0" x="12060" z="3570" r="120"/>
    </territory>
    <territory color="3556750600">
        <zone name="Zone_hen" smin="0" smax="0" dmin="0" dmax="0" x="3870" z="8865" r="150"/>
        <zone name="Zone_hen" smin="0" smax="0" dmin="0" dmax="0" x="4132.5" z="8955" r="120"/>
        <zone name="Zone_hen" smin="0" smax="0" dmin="0" dmax="0" x="3667.5" z="8565" r="82.5"/>
        <zone name="Zone_hen" smin="0" smax="0" dmin="0" dmax="0" x="3082.5" z="9202.5" r="82.5"/>
        <zone name="Zone_hen" smin="0" smax="0" dmin="0" dmax="0" x="3795" z="9082.5" r="75"/>
        <zone name="Zone_hen" smin="0" smax="0" dmin="0" dmax="0" x="4117.5" z="9150" r="75"/>
        <zone name="Zone_hen" smin="0" smax="0" dmin="0" dmax="0" x="2932.5" z="9375" r="75"/>
    </territory>
    <territory color="3556750600">
        <zone name="Zone_hen" smin="0" smax="0" dmin="0" dmax="0" x="6232.5" z="12697.5" r="120"/>
        <zone name="Zone_hen" smin="0" smax="0" dmin="0" dmax="0" x="6435" z="12727.5" r="90"/>
        <zone name="Zone_hen" smin="0" smax="0" dmin="0" dmax="0" x="6217.5" z="13410" r="90"/>
        <zone name="Zone_hen" smin="0" smax="0" dmin="0" dmax="0" x="6787.5" z="12570" r="82.5"/>
        <zone name="Zone_hen" smin="0" smax="0" dmin="0" dmax="0" x="5910" z="13290" r="82.5"/>
    </territory>
    <territory color="3556750600">
        <zone name="Zone_hen" smin="0" smax="0" dmin="0" dmax="0" x="6135" z="10395" r="120"/>
    </territory>
    <territory color="3556750600">
        <zone name="Zone_hen" smin="0" smax="0" dmin="0" dmax="0" x="9667.5" z="6540" r="97.5"/>
    </territory>
    <territory color="3556750600">
        <zone name="Zone_hen" smin="0" smax="0" dmin="0" dmax="0" x="1852.5" z="2250" r="135"/>
        <zone name="Zone_hen" smin="0" smax="0" dmin="0" dmax="0" x="2805" z="2116.25" r="135"/>
        <zone name="Zone_hen" smin="0" smax="0" dmin="0" dmax="0" x="2290" z="2207.5" r="75"/>
        <zone name="Zone_hen" smin="0" smax="0" dmin="0" dmax="0" x="1033.75" z="2250" r="75"/>
    </territory>
    <territory color="3556750600">
        <zone name="Zone_hen" smin="0" smax="0" dmin="0" dmax="0" x="13230" z="3870" r="105"/>
    </territory>
    <territory color="3556750600">
        <zone name="Zone_hen" smin="0" smax="0" dmin="0" dmax="0" x="13372.5" z="5445" r="90"/>
    </territory>
    <territory color="3556750600">
        <zone name="Zone_hen" smin="0" smax="0" dmin="0" dmax="0" x="772.5" z="12232.5" r="75"/>
    </territory>
    <territory color="3556750600">
        <zone name="Zone_hen" smin="0" smax="0" dmin="0" dmax="0" x="4935" z="15135" r="127.5"/>
        <zone name="Zone_hen" smin="0" smax="0" dmin="0" dmax="0" x="3660" z="14775" r="105"/>
        <zone name="Zone_hen" smin="0" smax="0" dmin="0" dmax="0" x="3637.5" z="14955" r="75"/>
        <zone name="Zone_hen" smin="0" smax="0" dmin="0" dmax="0" x="4522.5" z="15247.5" r="75"/>
    </territory>
    <territory color="3556750600">
        <zone name="Zone_hen" smin="0" smax="0" dmin="0" dmax="0" x="1065" z="13890" r="75"/>
    </territory>
    <territory color="3556750600">
        <zone name="Zone_hen" smin="0" smax="0" dmin="0" dmax="0" x="4987.5" z="13005" r="135"/>
        <zone name="Zone_hen" smin="0" smax="0" dmin="0" dmax="0" x="5895" z="13567.5" r="120"/>
        <zone name="Zone_hen" smin="0" smax="0" dmin="0" dmax="0" x="5670" z="13125" r="90"/>
        <zone name="Zone_hen" smin="0" smax="0" dmin="0" dmax="0" x="4470" z="13200" r="75"/>
    </territory>
    <territory color="3556750600">
        <zone name="Zone_hen" smin="0" smax="0" dmin="0" dmax="0" x="11145" z="12330" r="150"/>
        <zone name="Zone_hen" smin="0" smax="0" dmin="0" dmax="0" x="10207.5" z="12045" r="120"/>
        <zone name="Zone_hen" smin="0" smax="0" dmin="0" dmax="0" x="10882.5" z="12427.5" r="112.5"/>
        <zone name="Zone_hen" smin="0" smax="0" dmin="0" dmax="0" x="11107.5" z="11977.5" r="90"/>
        <zone name="Zone_hen" smin="0" smax="0" dmin="0" dmax="0" x="10695" z="12442.5" r="75"/>
        <zone name="Zone_hen" smin="0" smax="0" dmin="0" dmax="0" x="10815" z="12855" r="75"/>
    </territory>
    <territory color="3556750600">
        <zone name="Zone_hen" smin="0" smax="0" dmin="0" dmax="0" x="6892.5" z="7762.5" r="90"/>
    </territory>
    <territory color="3556750600">
        <zone name="Zone_hen" smin="0" smax="0" dmin="0" dmax="0" x="12420" z="14865" r="105"/>
        <zone name="Zone_hen" smin="0" smax="0" dmin="0" dmax="0" x="11625" z="15067.5" r="105"/>
        <zone name="Zone_hen" smin="0" smax="0" dmin="0" dmax="0" x="12877.5" z="15127.5" r="97.5"/>
        <zone name="Zone_hen" smin="0" smax="0" dmin="0" dmax="0" x="12705" z="15082.5" r="82.5"/>
        <zone name="Zone_hen" smin="0" smax="0" dmin="0" dmax="0" x="11977.5" z="14775" r="75"/>
    </territory>
    <territory color="3556750600">
        <zone name="Zone_hen" smin="0" smax="0" dmin="0" dmax="0" x="7065" z="4297.5" r="82.5"/>
    </territory>
    <territory color="3556750600">
        <zone name="Zone_hen" smin="0" smax="0" dmin="0" dmax="0" x="7207.5" z="6982.5" r="90"/>
    </territory>
    <territory color="3556750600">
        <zone name="Zone_hen" smin="0" smax="0" dmin="0" dmax="0" x="14152.5" z="13012.5" r="82.5"/>
    </territory>
    <territory color="3556750600">
        <zone name="Zone_hen" smin="0" smax="0" dmin="0" dmax="0" x="3645" z="2475" r="150"/>
        <zone name="Zone_hen" smin="0" smax="0" dmin="0" dmax="0" x="3840" z="2310" r="75"/>
        <zone name="Zone_hen" smin="0" smax="0" dmin="0" dmax="0" x="3202.5" z="2580" r="75"/>
    </territory>
    <territory color="3556750600">
        <zone name="Zone_hen" smin="0" smax="0" dmin="0" dmax="0" x="2595" z="1320" r="75"/>
    </territory>
    <territory color="3556750600">
        <zone name="Zone_hen" smin="0" smax="0" dmin="0" dmax="0" x="9345" z="8820" r="97.5"/>
    </territory>
    <territory color="3556750600">
        <zone name="Zone_hen" smin="0" smax="0" dmin="0" dmax="0" x="7132.5" z="7695" r="150"/>
    </territory>
    <territory color="3556750600">
        <zone name="Zone_hen" smin="0" smax="0" dmin="0" dmax="0" x="4132.5" z="11062.5" r="97.5"/>
        <zone name="Zone_hen" smin="0" smax="0" dmin="0" dmax="0" x="4102.5" z="10740" r="82.5"/>
    </territory>
    <territory color="3556750600">
        <zone name="Zone_hen" smin="0" smax="0" dmin="0" dmax="0" x="12120" z="7267.5" r="127.5"/>
        <zone name="Zone_hen" smin="0" smax="0" dmin="0" dmax="0" x="12217.5" z="6300" r="97.5"/>
        <zone name="Zone_hen" smin="0" smax="0" dmin="0" dmax="0" x="11745" z="6412.5" r="90"/>
        <zone name="Zone_hen" smin="0" smax="0" dmin="0" dmax="0" x="12945" z="6750" r="90"/>
        <zone name="Zone_hen" smin="0" smax="0" dmin="0" dmax="0" x="11505" z="6615" r="82.5"/>
        <zone name="Zone_hen" smin="0" smax="0" dmin="0" dmax="0" x="12892.5" z="6990" r="75"/>
    </territory>
    <territory color="3556750600">
        <zone name="Zone_hen" smin="0" smax="0" dmin="0" dmax="0" x="13432.5" z="3307.5" r="120"/>
    </territory>
    <territory color="3556750600">
        <zone name="Zone_hen" smin="0" smax="0" dmin="0" dmax="0" x="1710" z="5092.5" r="97.5"/>
    </territory>
    <territory color="3556750600">
        <zone name="Zone_hen" smin="0" smax="0" dmin="0" dmax="0" x="2332.5" z="9082.5" r="90"/>
    </territory>
    <territory color="3556750600">
        <zone name="Zone_hen" smin="0" smax="0" dmin="0" dmax="0" x="10110" z="5512.5" r="127.5"/>
        <zone name="Zone_hen" smin="0" smax="0" dmin="0" dmax="0" x="9892.5" z="5445" r="90"/>
        <zone name="Zone_hen" smin="0" smax="0" dmin="0" dmax="0" x="10312.5" z="5497.5" r="82.5"/>
        <zone name="Zone_hen" smin="0" smax="0" dmin="0" dmax="0" x="10965" z="5520" r="75"/>
    </territory>
    <territory color="3556750600">
        <zone name="Zone_hen" smin="0" smax="0" dmin="0" dmax="0" x="3142.5" z="4042.5" r="82.5"/>
        <zone name="Zone_hen" smin="0" smax="0" dmin="0" dmax="0" x="2572.5" z="3457.5" r="75"/>
        <zone name="Zone_hen" smin="0" smax="0" dmin="0" dmax="0" x="3278.75" z="3720" r="75"/>
    </territory>
    <territory color="3556750600">
        <zone name="Zone_hen" smin="0" smax="0" dmin="0" dmax="0" x="9660" z="10447.5" r="97.5"/>
    </territory>
    <territory color="3556750600">
        <zone name="Zone_hen" smin="0" smax="0" dmin="0" dmax="0" x="5940" z="10372.5" r="82.5"/>
    </territory>
    <territory color="3556750600">
        <zone name="Zone_hen" smin="0" smax="0" dmin="0" dmax="0" x="2235" z="12990" r="75"/>
    </territory>
    <territory color="3556750600">
        <zone name="Zone_hen" smin="0" smax="0" dmin="0" dmax="0" x="12975" z="8272.5" r="82.5"/>
    </territory>
    <territory color="3556750600">
        <zone name="Zone_hen" smin="0" smax="0" dmin="0" dmax="0" x="1132.5" z="2430" r="82.5"/>
    </territory>
    <territory color="3556750600">
        <zone name="Zone_hen" smin="0" smax="0" dmin="0" dmax="0" x="11497.5" z="14505" r="150"/>
        <zone name="Zone_hen" smin="0" smax="0" dmin="0" dmax="0" x="10710" z="14392.5" r="150"/>
        <zone name="Zone_hen" smin="0" smax="0" dmin="0" dmax="0" x="11010" z="14400" r="127.5"/>
        <zone name="Zone_hen" smin="0" smax="0" dmin="0" dmax="0" x="11257.5" z="14355" r="112.5"/>
        <zone name="Zone_hen" smin="0" smax="0" dmin="0" dmax="0" x="11865" z="13897.5" r="105"/>
        <zone name="Zone_hen" smin="0" smax="0" dmin="0" dmax="0" x="11587.5" z="14257.5" r="105"/>
        <zone name="Zone_hen" smin="0" smax="0" dmin="0" dmax="0" x="10950" z="13395" r="90"/>
        <zone name="Zone_hen" smin="0" smax="0" dmin="0" dmax="0" x="10575" z="14190" r="82.5"/>
        <zone name="Zone_hen" smin="0" smax="0" dmin="0" dmax="0" x="11512.5" z="14070" r="75"/>
        <zone name="Zone_hen" smin="0" smax="0" dmin="0" dmax="0" x="11295" z="14640" r="75"/>
    </territory>
    <territory color="3556750600">
        <zone name="Zone_hen" smin="0" smax="0" dmin="0" dmax="0" x="10425" z="14482.5" r="82.5"/>
    </territory>
    <territory color="3556750600">
        <zone name="Zone_hen" smin="0" smax="0" dmin="0" dmax="0" x="8107.5" z="10987.5" r="97.5"/>
    </territory>
    <territory color="3556750600">
        <zone name="Zone_hen" smin="0" smax="0" dmin="0" dmax="0" x="1697.5" z="3882.5" r="127.5"/>
    </territory>
    <territory color="3556750600">
        <zone name="Zone_hen" smin="0" smax="0" dmin="0" dmax="0" x="2527.5" z="6375" r="120"/>
    </territory>
    <territory color="3556750600">
        <zone name="Zone_hen" smin="0" smax="0" dmin="0" dmax="0" x="13387.5" z="6600" r="75"/>
    </territory>
    <territory color="3556750600">
        <zone name="Zone_hen" smin="0" smax="0" dmin="0" dmax="0" x="7500" z="5152.5" r="127.5"/>
        <zone name="Zone_hen" smin="0" smax="0" dmin="0" dmax="0" x="7732.5" z="5152.5" r="105"/>
        <zone name="Zone_hen" smin="0" smax="0" dmin="0" dmax="0" x="8415" z="4957.5" r="90"/>
    </territory>
    <territory color="3556750600">
        <zone name="Zone_hen" smin="0" smax="0" dmin="0" dmax="0" x="10830" z="2677.5" r="105"/>
    </territory>
    <territory color="3556750600">
        <zone name="Zone_hen" smin="0" smax="0" dmin="0" dmax="0" x="8310" z="7537.5" r="75"/>
    </territory>
    <territory color="3556750600">
        <zone name="Zone_hen" smin="0" smax="0" dmin="0" dmax="0" x="4965" z="5595" r="90"/>
        <zone name="Zone_hen" smin="0" smax="0" dmin="0" dmax="0" x="5257.5" z="5497.5" r="75"/>
    </territory>
    <territory color="3556750600">
        <zone name="Zone_hen" smin="0" smax="0" dmin="0" dmax="0" x="11212.5" z="5392.5" r="97.5"/>
        <zone name="Zone_hen" smin="0" smax="0" dmin="0" dmax="0" x="11527.5" z="5025" r="82.5"/>
        <zone name="Zone_hen" smin="0" smax="0" dmin="0" dmax="0" x="12615" z="5745" r="82.5"/>
        <zone name="Zone_hen" smin="0" smax="0" dmin="0" dmax="0" x="11505" z="5505" r="75"/>
    </territory>
    <territory color="3556750600">
        <zone name="Zone_hen" smin="0" smax="0" dmin="0" dmax="0" x="1147.5" z="7207.5" r="97.5"/>
    </territory>
    <territory color="3556750600">
        <zone name="Zone_hen" smin="0" smax="0" dmin="0" dmax="0" x="2512.5" z="9660" r="105"/>
    </territory>
    <territory color="3556750600">
        <zone name="Zone_hen" smin="0" smax="0" dmin="0" dmax="0" x="5842.5" z="3967.5" r="90"/>
        <zone name="Zone_hen" smin="0" smax="0" dmin="0" dmax="0" x="5430" z="3817.5" r="82.5"/>
        <zone name="Zone_hen" smin="0" smax="0" dmin="0" dmax="0" x="5242.5" z="3690" r="75"/>
    </territory>
    <territory color="3556750600">
        <zone name="Zone_hen" smin="0" smax="0" dmin="0" dmax="0" x="8520" z="15067.5" r="82.5"/>
        <zone name="Zone_hen" smin="0" smax="0" dmin="0" dmax="0" x="8835" z="14625" r="75"/>
        <zone name="Zone_hen" smin="0" smax="0" dmin="0" dmax="0" x="9165" z="14850" r="75"/>
    </territory>
    <territory color="3556750600">
        <zone name="Zone_hen" smin="0" smax="0" dmin="0" dmax="0" x="11415" z="10642.5" r="82.5"/>
    </territory>
    <territory color="3556750600">
        <zone name="Zone_hen" smin="0" smax="0" dmin="0" dmax="0" x="13627.5" z="2947.5" r="97.5"/>
    </territory>
    <territory color="3556750600">
        <zone name="Zone_hen" smin="0" smax="0" dmin="0" dmax="0" x="2730" z="9990" r="127.5"/>
        <zone name="Zone_hen" smin="0" smax="0" dmin="0" dmax="0" x="2880" z="9742.5" r="97.5"/>
    </territory>
    <territory color="3556750600">
        <zone name="Zone_hen" smin="0" smax="0" dmin="0" dmax="0" x="8032.5" z="3315" r="127.5"/>
        <zone name="Zone_hen" smin="0" smax="0" dmin="0" dmax="0" x="7777.5" z="3510" r="120"/>
    </territory>
    <territory color="3556750600">
        <zone name="Zone_hen" smin="0" smax="0" dmin="0" dmax="0" x="3697.5" z="8272.5" r="90"/>
        <zone name="Zone_hen" smin="0" smax="0" dmin="0" dmax="0" x="3615" z="6952.5" r="82.5"/>
    </territory>
    <territory color="3556750600">
        <zone name="Zone_hen" smin="0" smax="0" dmin="0" dmax="0" x="1522.5" z="12022.5" r="127.5"/>
        <zone name="Zone_hen" smin="0" smax="0" dmin="0" dmax="0" x="1267.5" z="12037.5" r="127.5"/>
        <zone name="Zone_hen" smin="0" smax="0" dmin="0" dmax="0" x="1912.5" z="12000" r="105"/>
        <zone name="Zone_hen" smin="0" smax="0" dmin="0" dmax="0" x="2032.5" z="12172.5" r="97.5"/>
        <zone name="Zone_hen" smin="0" smax="0" dmin="0" dmax="0" x="2377.5" z="11805" r="75"/>
        <zone name="Zone_hen" smin="0" smax="0" dmin="0" dmax="0" x="2505" z="11992.5" r="75"/>
        <zone name="Zone_hen" smin="0" smax="0" dmin="0" dmax="0" x="2242.5" z="12225" r="75"/>
    </territory>
    <territory color="3556750600">
        <zone name="Zone_hen" smin="0" smax="0" dmin="0" dmax="0" x="12750" z="9697.5" r="150"/>
        <zone name="Zone_hen" smin="0" smax="0" dmin="0" dmax="0" x="12877.5" z="10035" r="150"/>
        <zone name="Zone_hen" smin="0" smax="0" dmin="0" dmax="0" x="12255" z="9562.5" r="150"/>
        <zone name="Zone_hen" smin="0" smax="0" dmin="0" dmax="0" x="12510" z="9540" r="112.5"/>
        <zone name="Zone_hen" smin="0" smax="0" dmin="0" dmax="0" x="12045" z="9367.5" r="97.5"/>
        <zone name="Zone_hen" smin="0" smax="0" dmin="0" dmax="0" x="12652.5" z="9930" r="90"/>
        <zone name="Zone_hen" smin="0" smax="0" dmin="0" dmax="0" x="12247.5" z="10620" r="90"/>
        <zone name="Zone_hen" smin="0" smax="0" dmin="0" dmax="0" x="12697.5" z="9450" r="82.5"/>
        <zone name="Zone_hen" smin="0" smax="0" dmin="0" dmax="0" x="12172.5" z="9787.5" r="82.5"/>
        <zone name="Zone_hen" smin="0" smax="0" dmin="0" dmax="0" x="12922.5" z="10260" r="75"/>
    </territory>
    <territory color="3556750600">
        <zone name="Zone_hen" smin="0" smax="0" dmin="0" dmax="0" x="4522.5" z="8280" r="120"/>
        <zone name="Zone_hen" smin="0" smax="0" dmin="0" dmax="0" x="5347.5" z="8587.5" r="120"/>
    </territory>
    <territory color="3556750600">
        <zone name="Zone_hen" smin="0" smax="0" dmin="0" dmax="0" x="11212.5" z="6585" r="135"/>
        <zone name="Zone_hen" smin="0" smax="0" dmin="0" dmax="0" x="10560" z="7020" r="75"/>
    </territory>
    <territory color="3556750600">
        <zone name="Zone_hen" smin="0" smax="0" dmin="0" dmax="0" x="9135" z="3825" r="105"/>
        <zone name="Zone_hen" smin="0" smax="0" dmin="0" dmax="0" x="9982.5" z="2632.5" r="82.5"/>
        <zone name="Zone_hen" smin="0" smax="0" dmin="0" dmax="0" x="10342.5" z="3457.5" r="75"/>
    </territory>
    <territory color="3556750600">
        <zone name="Zone_hen" smin="0" smax="0" dmin="0" dmax="0" x="12862.5" z="4455" r="97.5"/>
        <zone name="Zone_hen" smin="0" smax="0" dmin="0" dmax="0" x="12637.5" z="4380" r="82.5"/>
    </territory>
    <territory color="3556750600">
        <zone name="Zone_hen" smin="0" smax="0" dmin="0" dmax="0" x="4935" z="14865" r="82.5"/>
        <zone name="Zone_hen" smin="0" smax="0" dmin="0" dmax="0" x="4297.5" z="14167.5" r="75"/>
    </territory>
    <territory color="3556750600">
        <zone name="Zone_hen" smin="0" smax="0" dmin="0" dmax="0" x="4560" z="4590" r="112.5"/>
        <zone name="Zone_hen" smin="0" smax="0" dmin="0" dmax="0" x="4350" z="4680" r="112.5"/>
        <zone name="Zone_hen" smin="0" smax="0" dmin="0" dmax="0" x="3345" z="4927.5" r="105"/>
    </territory>
    <territory color="3556750600">
        <zone name="Zone_hen" smin="0" smax="0" dmin="0" dmax="0" x="13365" z="6195" r="150"/>
    </territory>
    <territory color="3556750600">
        <zone name="Zone_hen" smin="0" smax="0" dmin="0" dmax="0" x="10245" z="2040" r="150"/>
        <zone name="Zone_hen" smin="0" smax="0" dmin="0" dmax="0" x="9990" z="1912.5" r="135"/>
        <zone name="Zone_hen" smin="0" smax="0" dmin="0" dmax="0" x="9735" z="2010" r="82.5"/>
        <zone name="Zone_hen" smin="0" smax="0" dmin="0" dmax="0" x="9322.5" z="2047.5" r="82.5"/>
        <zone name="Zone_hen" smin="0" smax="0" dmin="0" dmax="0" x="9802.5" z="2250" r="82.5"/>
        <zone name="Zone_hen" smin="0" smax="0" dmin="0" dmax="0" x="10027.5" z="2122.5" r="75"/>
    </territory>
    <territory color="3556750600">
        <zone name="Zone_hen" smin="0" smax="0" dmin="0" dmax="0" x="11452.5" z="7500" r="105"/>
        <zone name="Zone_hen" smin="0" smax="0" dmin="0" dmax="0" x="12292.5" z="8490" r="82.5"/>
    </territory>
    <territory color="3556750600">
        <zone name="Zone_hen" smin="0" smax="0" dmin="0" dmax="0" x="5782.5" z="8700" r="82.5"/>
    </territory>
    <territory color="3556750600">
        <zone name="Zone_hen" smin="0" smax="0" dmin="0" dmax="0" x="3172.5" z="13710" r="120"/>
    </territory>
    <territory color="3556750600">
        <zone name="Zone_hen" smin="0" smax="0" dmin="0" dmax="0" x="12292.5" z="10912.5" r="127.5"/>
    </territory>
    <territory color="3556750600">
        <zone name="Zone_hen" smin="0" smax="0" dmin="0" dmax="0" x="9577.5" z="14722.5" r="75"/>
    </territory>
    <territory color="3556750600">
        <zone name="Zone_hen" smin="0" smax="0" dmin="0" dmax="0" x="8077.5" z="9292.5" r="75"/>
    </territory>
    <territory color="3556750600">
        <zone name="Zone_hen" smin="0" smax="0" dmin="0" dmax="0" x="10672.5" z="2437.5" r="90"/>
    </territory>
    <territory color="3556750600">
        <zone name="Zone_hen" smin="0" smax="0" dmin="0" dmax="0" x="13095" z="7072.5" r="142.5"/>
    </territory>
    <territory color="3556750600">
        <zone name="Zone_hen" smin="0" smax="0" dmin="0" dmax="0" x="6922.5" z="11407.5" r="120"/>
        <zone name="Zone_hen" smin="0" smax="0" dmin="0" dmax="0" x="8107.5" z="11557.5" r="105"/>
        <zone name="Zone_hen" smin="0" smax="0" dmin="0" dmax="0" x="7785" z="12427.5" r="105"/>
        <zone name="Zone_hen" smin="0" smax="0" dmin="0" dmax="0" x="7455" z="12667.5" r="97.5"/>
        <zone name="Zone_hen" smin="0" smax="0" dmin="0" dmax="0" x="7980" z="11310" r="75"/>
        <zone name="Zone_hen" smin="0" smax="0" dmin="0" dmax="0" x="7222.5" z="11317.5" r="75"/>
        <zone name="Zone_hen" smin="0" smax="0" dmin="0" dmax="0" x="6922.5" z="11685" r="75"/>
        <zone name="Zone_hen" smin="0" smax="0" dmin="0" dmax="0" x="7950" z="11970" r="75"/>
    </territory>
    <territory color="3556750600">
        <zone name="Zone_hen" smin="0" smax="0" dmin="0" dmax="0" x="10537.5" z="9705" r="120"/>
        <zone name="Zone_hen" smin="0" smax="0" dmin="0" dmax="0" x="10297.5" z="9570" r="105"/>
        <zone name="Zone_hen" smin="0" smax="0" dmin="0" dmax="0" x="10327.5" z="9832.5" r="97.5"/>
        <zone name="Zone_hen" smin="0" smax="0" dmin="0" dmax="0" x="10582.5" z="9900" r="75"/>
    </territory>
    <territory color="3556750600">
        <zone name="Zone_hen" smin="0" smax="0" dmin="0" dmax="0" x="6255" z="7740" r="150"/>
        <zone name="Zone_hen" smin="0" smax="0" dmin="0" dmax="0" x="5992.5" z="7830" r="127.5"/>
        <zone name="Zone_hen" smin="0" smax="0" dmin="0" dmax="0" x="6330" z="7507.5" r="82.5"/>
    </territory>
    <territory color="3556750600">
        <zone name="Zone_hen" smin="0" smax="0" dmin="0" dmax="0" x="6675" z="14415" r="150"/>
        <zone name="Zone_hen" smin="0" smax="0" dmin="0" dmax="0" x="7485" z="13792.5" r="90"/>
        <zone name="Zone_hen" smin="0" smax="0" dmin="0" dmax="0" x="7080" z="14572.5" r="90"/>
        <zone name="Zone_hen" smin="0" smax="0" dmin="0" dmax="0" x="7545" z="13575" r="82.5"/>
        <zone name="Zone_hen" smin="0" smax="0" dmin="0" dmax="0" x="6562.5" z="14212.5" r="75"/>
    </territory>
    <territory color="3556750600">
        <zone name="Zone_hen" smin="0" smax="0" dmin="0" dmax="0" x="5917.5" z="10162.5" r="127.5"/>
    </territory>
    <territory color="3556750600">
        <zone name="Zone_hen" smin="0" smax="0" dmin="0" dmax="0" x="1882.5" z="10837.5" r="82.5"/>
    </territory>
    <territory color="3556750600">
        <zone name="Zone_hen" smin="0" smax="0" dmin="0" dmax="0" x="9142.5" z="4095" r="82.5"/>
        <zone name="Zone_hen" smin="0" smax="0" dmin="0" dmax="0" x="9255" z="4972.5" r="75"/>
    </territory>
    <territory color="3556750600">
        <zone name="Zone_hen" smin="0" smax="0" dmin="0" dmax="0" x="8340" z="2745" r="90"/>
        <zone name="Zone_hen" smin="0" smax="0" dmin="0" dmax="0" x="8685" z="2430" r="82.5"/>
        <zone name="Zone_hen" smin="0" smax="0" dmin="0" dmax="0" x="8040" z="3022.5" r="82.5"/>
        <zone name="Zone_hen" smin="0" smax="0" dmin="0" dmax="0" x="8265" z="2902.5" r="75"/>
    </territory>
    <territory color="3556750600">
        <zone name="Zone_hen" smin="0" smax="0" dmin="0" dmax="0" x="187.5" z="12525" r="82.5"/>
    </territory>
    <territory color="3556750600">
        <zone name="Zone_hen" smin="0" smax="0" dmin="0" dmax="0" x="8400" z="12780" r="150"/>
        <zone name="Zone_hen" smin="0" smax="0" dmin="0" dmax="0" x="8782.5" z="11655" r="120"/>
        <zone name="Zone_hen" smin="0" smax="0" dmin="0" dmax="0" x="8190" z="12225" r="112.5"/>
        <zone name="Zone_hen" smin="0" smax="0" dmin="0" dmax="0" x="8647.5" z="11857.5" r="97.5"/>
        <zone name="Zone_hen" smin="0" smax="0" dmin="0" dmax="0" x="8497.5" z="12015" r="90"/>
        <zone name="Zone_hen" smin="0" smax="0" dmin="0" dmax="0" x="8640" z="12787.5" r="90"/>
        <zone name="Zone_hen" smin="0" smax="0" dmin="0" dmax="0" x="8415" z="12225" r="82.5"/>
        <zone name="Zone_hen" smin="0" smax="0" dmin="0" dmax="0" x="8160" z="12420" r="82.5"/>
        <zone name="Zone_hen" smin="0" smax="0" dmin="0" dmax="0" x="8812.5" z="12892.5" r="82.5"/>
        <zone name="Zone_hen" smin="0" smax="0" dmin="0" dmax="0" x="9585" z="11797.5" r="75"/>
    </territory>
    <territory color="3556750600">
        <zone name="Zone_hen" smin="0" smax="0" dmin="0" dmax="0" x="14040" z="15067.5" r="105"/>
        <zone name="Zone_hen" smin="0" smax="0" dmin="0" dmax="0" x="13170" z="14932.5" r="97.5"/>
        <zone name="Zone_hen" smin="0" smax="0" dmin="0" dmax="0" x="14190" z="14857.5" r="82.5"/>
    </territory>
    <territory color="3556750600">
        <zone name="Zone_hen" smin="0" smax="0" dmin="0" dmax="0" x="7417.5" z="9120" r="90"/>
    </territory>
    <territory color="3556750600">
        <zone name="Zone_hen" smin="0" smax="0" dmin="0" dmax="0" x="3082.5" z="7845" r="150"/>
        <zone name="Zone_hen" smin="0" smax="0" dmin="0" dmax="0" x="3180" z="8107.5" r="112.5"/>
        <zone name="Zone_hen" smin="0" smax="0" dmin="0" dmax="0" x="3495" z="8392.5" r="75"/>
    </territory>
    <territory color="3556750600">
        <zone name="Zone_hen" smin="0" smax="0" dmin="0" dmax="0" x="14827.5" z="14565" r="75"/>
    </territory>
    <territory color="3556750600">
        <zone name="Zone_hen" smin="0" smax="0" dmin="0" dmax="0" x="14955" z="14257.5" r="82.5"/>
        <zone name="Zone_hen" smin="0" smax="0" dmin="0" dmax="0" x="14550" z="13995" r="75"/>
        <zone name="Zone_hen" smin="0" smax="0" dmin="0" dmax="0" x="14782.5" z="14047.5" r="75"/>
    </territory>
    <territory color="3556750600">
        <zone name="Zone_hen" smin="0" smax="0" dmin="0" dmax="0" x="3345" z="3922.5" r="135"/>
        <zone name="Zone_hen" smin="0" smax="0" dmin="0" dmax="0" x="4402.5" z="3937.5" r="105"/>
    </territory>
    <territory color="3556750600">
        <zone name="Zone_hen" smin="0" smax="0" dmin="0" dmax="0" x="9472.5" z="13732.5" r="150"/>
        <zone name="Zone_hen" smin="0" smax="0" dmin="0" dmax="0" x="9390" z="14595" r="127.5"/>
        <zone name="Zone_hen" smin="0" smax="0" dmin="0" dmax="0" x="9720" z="13890" r="112.5"/>
        <zone name="Zone_hen" smin="0" smax="0" dmin="0" dmax="0" x="9270" z="13530" r="105"/>
        <zone name="Zone_hen" smin="0" smax="0" dmin="0" dmax="0" x="10237.5" z="14085" r="105"/>
        <zone name="Zone_hen" smin="0" smax="0" dmin="0" dmax="0" x="9712.5" z="13155" r="82.5"/>
        <zone name="Zone_hen" smin="0" smax="0" dmin="0" dmax="0" x="9337.5" z="13095" r="75"/>
        <zone name="Zone_hen" smin="0" smax="0" dmin="0" dmax="0" x="9975" z="13162.5" r="75"/>
        <zone name="Zone_hen" smin="0" smax="0" dmin="0" dmax="0" x="9322.5" z="13927.5" r="75"/>
    </territory>
    <territory color="3556750600">
        <zone name="Zone_hen" smin="0" smax="0" dmin="0" dmax="0" x="9990" z="10387.5" r="112.5"/>
    </territory>
    <territory color="3556750600">
        <zone name="Zone_hen" smin="0" smax="0" dmin="0" dmax="0" x="13110" z="10342.5" r="127.5"/>
    </territory>
    <territory color="3556750600">
        <zone name="Zone_hen" smin="0" smax="0" dmin="0" dmax="0" x="1605" z="7807.5" r="82.5"/>
    </territory>
</territory-type>
