<?xml version="1.0" encoding="UTF-8"?>
<territory-type>
    <territory color="3556750600">
        <zone name="Zone_hen" smin="0" smax="0" dmin="0" dmax="0" x="5227.38" z="7675.33" r="40"/> <!--  Pinder  -->
        <zone name="Zone_hen" smin="0" smax="0" dmin="0" dmax="0" x="5023.16" z="6471.93" r="40"/> <!--  Arkley  -->
        <zone name="Zone_hen" smin="0" smax="0" dmin="0" dmax="0" x="7780.89" z="7395.02" r="50"/> <!--  Homestead  -->
        <zone name="Zone_hen" smin="0" smax="0" dmin="0" dmax="0" x="7945.43" z="8188.68" r="50"/> <!--  Harmony  -->
        <zone name="Zone_hen" smin="0" smax="0" dmin="0" dmax="0" x="7073.46" z="9783.48" r="50"/> <!--  Lil Farm  -->
        <zone name="Zone_hen" smin="0" smax="0" dmin="0" dmax="0" x="9008.82" z="8377.04" r="50"/> <!--  Badger  -->
        <zone name="Zone_hen" smin="0" smax="0" dmin="0" dmax="0" x="8594.61" z="7675.33" r="40"/> <!--  Indica  -->
        <zone name="Zone_hen" smin="0" smax="0" dmin="0" dmax="0" x="7696.94" z="9944.88" r="50"/> <!--  Roachburn  -->
        <zone name="Zone_hen" smin="0" smax="0" dmin="0" dmax="0" x="5833.85" z="8948.91" r="40"/> <!--  Blunt  -->
        <zone name="Zone_hen" smin="0" smax="0" dmin="0" dmax="0" x="4324.71" z="9043.81" r="40"/> <!--  Barrington  -->
        <zone name="Zone_hen" smin="0" smax="0" dmin="0" dmax="0" x="5227.38" z="7675.33" r="50"/> <!--  Pinder  -->
        <zone name="Zone_hen" smin="0" smax="0" dmin="0" dmax="0" x="5932.22" z="9798.16" r="40"/> <!--  Redeye  -->
        <zone name="Zone_hen" smin="0" smax="0" dmin="0" dmax="0" x="691" z="7197" r="40"/> <!--  West Hydeswor  -->
        <zone name="Zone_hen" smin="0" smax="0" dmin="0" dmax="0" x="500" z="6524" r="40"/> <!--  Port Leymont  -->
        <zone name="Zone_hen" smin="0" smax="0" dmin="0" dmax="0" x="1523" z="6068" r="40"/> <!--  Addersfield  -->
        <zone name="Zone_hen" smin="0" smax="0" dmin="0" dmax="0" x="4542.46" z="1432.42" r="40"/>
        <zone name="Zone_hen" smin="0" smax="0" dmin="0" dmax="0" x="9113.11" z="5860.90" r="40"/>
    </territory>
</territory-type>
