<?xml version="1.0" encoding="UTF-8"?>
<territory-type>
    <territory color="856817408">
        <zone name="Graze" smin="0" smax="0" dmin="0" dmax="0" x="6589.86" z="6871.72" r="70"/>
        <zone name="Graze" smin="0" smax="0" dmin="0" dmax="0" x="5300" z="1370" r="90"/>
        <zone name="Graze" smin="0" smax="0" dmin="0" dmax="0" x="9230" z="960" r="90"/>
    </territory>
    <territory color="856817408">
        <zone name="Graze" smin="0" smax="0" dmin="0" dmax="0" x="6388.35" z="8896.12" r="90"/>
        <zone name="Graze" smin="0" smax="0" dmin="0" dmax="0" x="8000" z="1270" r="90"/>
        <zone name="Graze" smin="0" smax="0" dmin="0" dmax="0" x="3765" z="790" r="90"/>
    </territory>
    <territory color="856817408">
        <zone name="Graze" smin="0" smax="0" dmin="0" dmax="0" x="6440" z="3588" r="50"/>
    </territory>
    <territory color="856817408">
        <zone name="Graze" smin="0" smax="0" dmin="0" dmax="0" x="4454.13" z="6675.73" r="50"/>
    </territory>
    <territory color="856817408">
        <zone name="Graze" smin="0" smax="0" dmin="0" dmax="0" x="9223.33" z="8756.67" r="50"/>
        <zone name="Graze" smin="0" smax="0" dmin="0" dmax="0" x="8306.67" z="6913.33" r="100"/>
        <zone name="Graze" smin="0" smax="0" dmin="0" dmax="0" x="9490" z="7686.67" r="200"/>
        <zone name="Graze" smin="0" smax="0" dmin="0" dmax="0" x="5700" z="6210" r="70"/>
    </territory>
    <territory color="856817408">
        <zone name="Graze" smin="0" smax="0" dmin="0" dmax="0" x="5035.46" z="2719.16" r="50"/>
    </territory>
    <territory color="856817408">
        <zone name="Graze" smin="0" smax="0" dmin="0" dmax="0" x="8262.66" z="8923.37" r="40"/>
        <zone name="Graze" smin="0" smax="0" dmin="0" dmax="0" x="4700" z="8005" r="90"/>
    </territory>
    <territory color="856817408">
        <zone name="Graze" smin="0" smax="0" dmin="0" dmax="0" x="2311.26" z="8320.21" r="50"/>
    </territory>
    <territory color="856817408">
        <zone name="Graze" smin="0" smax="0" dmin="0" dmax="0" x="1835.25" z="6177.31" r="60"/>
    </territory>
    <territory color="856817408">
        <zone name="Graze" smin="0" smax="0" dmin="0" dmax="0" x="3948.72" z="7653.06" r="50"/>
    </territory>
    <territory color="856817408">
        <zone name="Graze" smin="0" smax="0" dmin="0" dmax="0" x="2285.12" z="9855.55" r="50"/>
    </territory>
    <territory color="856817408">
        <zone name="Graze" smin="0" smax="0" dmin="0" dmax="0" x="1098" z="7840" r="110"/>
        <zone name="Graze" smin="0" smax="0" dmin="0" dmax="0" x="765" z="8840" r="120"/>
        <zone name="Graze" smin="0" smax="0" dmin="0" dmax="0" x="850" z="9725" r="80"/>
        <zone name="Graze" smin="0" smax="0" dmin="0" dmax="0" x="2030" z="7330" r="90"/>
    </territory>
    <territory color="856817408">
        <zone name="Graze" smin="0" smax="0" dmin="0" dmax="0" x="3948.72" z="7653.06" r="40"/>
    </territory>
    <territory color="856817408">
        <zone name="Graze" smin="0" smax="0" dmin="0" dmax="0" x="6611.26" z="9223.72" r="50"/>
    </territory>
    <territory color="856817408">
        <zone name="Graze" smin="0" smax="0" dmin="0" dmax="0" x="7594.34" z="9438.24" r="100"/>
        <zone name="Graze" smin="0" smax="0" dmin="0" dmax="0" x="9090" z="9565" r="100"/>
        <zone name="Graze" smin="0" smax="0" dmin="0" dmax="0" x="7855" z="8495" r="100"/>
        <zone name="Graze" smin="0" smax="0" dmin="0" dmax="0" x="8315" z="9750" r="100"/>
    </territory>
    <territory color="856817408">
        <zone name="Graze" smin="0" smax="0" dmin="0" dmax="0" x="6838.63" z="9235.42" r="50"/>
    </territory>
    <territory color="856817408">
        <zone name="Graze" smin="0" smax="0" dmin="0" dmax="0" x="1701" z="4955" r="40"/>
    </territory>
    <territory color="856817408">
        <zone name="Graze" smin="0" smax="0" dmin="0" dmax="0" x="2494.19" z="9381.62" r="50"/>
    </territory>
    <territory color="856817408">
        <zone name="Graze" smin="0" smax="0" dmin="0" dmax="0" x="3772.91" z="6617.39" r="60"/>
    </territory>
    <territory color="856817408">
        <zone name="Graze" smin="0" smax="0" dmin="0" dmax="0" x="7372.79" z="7791.49" r="40"/>
        <zone name="Graze" smin="0" smax="0" dmin="0" dmax="0" x="6070" z="4330" r="90"/>
        <zone name="Graze" smin="0" smax="0" dmin="0" dmax="0" x="7205" z="540" r="90"/>
    </territory>
    <territory color="856817408">
        <zone name="Graze" smin="0" smax="0" dmin="0" dmax="0" x="866.9" z="2626.26" r="100"/>
        <zone name="Graze" smin="0" smax="0" dmin="0" dmax="0" x="1860" z="2635" r="100"/>
        <zone name="Graze" smin="0" smax="0" dmin="0" dmax="0" x="380" z="3670" r="100"/>
        <zone name="Graze" smin="0" smax="0" dmin="0" dmax="0" x="230" z="1700" r="100"/>
    </territory>
    <territory color="856817408">
        <zone name="Graze" smin="0" smax="0" dmin="0" dmax="0" x="2038.1" z="1725.97" r="150"/>
        <zone name="Rest" smin="0" smax="0" dmin="0" dmax="0" x="8910" z="4850" r="150"/>
        <zone name="Rest" smin="0" smax="0" dmin="0" dmax="0" x="2805" z="2470" r="150"/>
        <zone name="Rest" smin="0" smax="0" dmin="0" dmax="0" x="3175" z="610" r="150"/>
    </territory>
</territory-type>
