<?xml version="1.0" encoding="UTF-8"?>
<territory-type>
    <territory color="1724697804">
        <zone name="HuntingGround" smin="0" smax="0" dmin="0" dmax="0" x="818.23" z="712.7" r="80"/>
        <zone name="HuntingGround" smin="0" smax="0" dmin="0" dmax="0" x="2893.51" z="568.45" r="80"/>
    </territory>
    <territory color="1724697804">
        <zone name="HuntingGround" smin="0" smax="0" dmin="0" dmax="0" x="9018.62" z="2636.5" r="80"/>
        <zone name="HuntingGround" smin="0" smax="0" dmin="0" dmax="0" x="4525" z="3965" r="80"/>
    </territory>
    <territory color="1724697804">
        <zone name="HuntingGround" smin="0" smax="0" dmin="0" dmax="0" x="7296.03" z="8198.73" r="80"/>
        <zone name="HuntingGround" smin="0" smax="0" dmin="0" dmax="0" x="4058" z="5598" r="80"/>
    </territory>
    <territory color="1724697804">
        <zone name="HuntingGround" smin="0" smax="0" dmin="0" dmax="0" x="425.86" z="3299.82" r="80"/>
        <zone name="HuntingGround" smin="0" smax="0" dmin="0" dmax="0" x="189.1" z="728.46" r="80"/>
    </territory>
    <territory color="1724697804">
        <zone name="HuntingGround" smin="0" smax="0" dmin="0" dmax="0" x="8886.86" z="1375.62" r="80"/>
        <zone name="HuntingGround" smin="0" smax="0" dmin="0" dmax="0" x="755" z="8315" r="80"/>
    </territory>
    <territory color="1724697804">
        <zone name="HuntingGround" smin="0" smax="0" dmin="0" dmax="0" x="8473.33" z="1920" r="80"/>
        <zone name="HuntingGround" smin="0" smax="0" dmin="0" dmax="0" x="4136.67" z="9570" r="80"/>
    </territory>
    <territory color="1724697804">
        <zone name="HuntingGround" smin="0" smax="0" dmin="0" dmax="0" x="9387.7" z="1946.84" r="80"/>
        <zone name="HuntingGround" smin="0" smax="0" dmin="0" dmax="0" x="1600" z="9845" r="80"/>
    </territory>
    <territory color="1724697804">
        <zone name="HuntingGround" smin="0" smax="0" dmin="0" dmax="0" x="8930.49" z="2385.9" r="80"/>
    </territory>
    <territory color="1724697804">
        <zone name="HuntingGround" smin="0" smax="0" dmin="0" dmax="0" x="6580.4" z="6756.35" r="80"/>
        <zone name="HuntingGround" smin="0" smax="0" dmin="0" dmax="0" x="6813.71" z="7489.83" r="80"/>
    </territory>
    <territory color="1724697804">
        <zone name="HuntingGround" smin="0" smax="0" dmin="0" dmax="0" x="5798.15" z="7400.15" r="80"/>
        <zone name="HuntingGround" smin="0" smax="0" dmin="0" dmax="0" x="5220" z="835" r="80"/>
    </territory>
</territory-type>
