<?xml version="1.0" encoding="UTF-8"?>
<territory-type>
    <territory color="4291611852">
        <zone name="HuntingGround" smin="0" smax="0" dmin="0" dmax="0" x="6580.40" z="6756.35" r="50"/>
        <zone name="HuntingGround" smin="0" smax="0" dmin="0" dmax="0" x="6738.71" z="7424.83" r="50"/>
        <zone name="HuntingGround" smin="0" smax="0" dmin="0" dmax="0" x="5798.15" z="7400.15" r="50"/>
        <zone name="HuntingGround" smin="0" smax="0" dmin="0" dmax="0" x="6630.15" z="7500.25" r="50"/>
        <zone name="HuntingGround" smin="0" smax="0" dmin="0" dmax="0" x="7296.03" z="8198.73" r="50"/>  <!-- Overgrown Cabins  -->
        <zone name="HuntingGround" smin="0" smax="0" dmin="0" dmax="0" x="4058" z="5598" r="50"/>  <!-- Slain Castle  -->
        <zone name="HuntingGround" smin="0" smax="0" dmin="0" dmax="0" x="425.86" z="3299.82" r="50"/>
        <zone name="HuntingGround" smin="0" smax="0" dmin="0" dmax="0" x="189.10" z="728.46" r="50"/>
        <zone name="HuntingGround" smin="0" smax="0" dmin="0" dmax="0" x="818.23" z="712.70" r="50"/>
        <zone name="HuntingGround" smin="0" smax="0" dmin="0" dmax="0" x="2893.51" z="568.45" r="50"/>
    </territory>
</territory-type>
