<?xml version="1.0" encoding="UTF-8"?>
<territory-type>
    <territory color="1291845632">
        <zone name="InfectedReligious" smin="0" smax="0" dmin="3" dmax="5" x="10582.1" z="2490.38" r="100"/>
        <zone name="InfectedReligious" smin="0" smax="0" dmin="1" dmax="3" x="6489" z="2382" r="60"/>
        <zone name="InfectedReligious" smin="0" smax="0" dmin="1" dmax="3" x="1729" z="3835" r="70"/>
        <zone name="InfectedReligious" smin="0" smax="0" dmin="2" dmax="4" x="2742.27" z="5445.82" r="70"/>
        <zone name="InfectedReligious" smin="0" smax="0" dmin="1" dmax="3" x="4509" z="6411" r="120"/>
        <zone name="InfectedReligious" smin="0" smax="0" dmin="1" dmax="3" x="5400" z="5490" r="120"/>
        <zone name="InfectedReligious" smin="0" smax="0" dmin="1" dmax="3" x="6090" z="7788" r="120"/>
        <zone name="InfectedReligious" smin="0" smax="0" dmin="1" dmax="3" x="5205" z="8572.5" r="50"/>
        <zone name="InfectedReligious" smin="0" smax="0" dmin="1" dmax="3" x="7062" z="7722" r="120"/>
        <zone name="InfectedReligious" smin="0" smax="0" dmin="1" dmax="3" x="2955.43" z="8014.71" r="70"/>
        <zone name="InfectedReligious" smin="0" smax="0" dmin="1" dmax="3" x="2715" z="10002" r="120"/>
        <zone name="InfectedReligious" smin="0" smax="0" dmin="1" dmax="3" x="2256" z="9306" r="120"/>
        <zone name="InfectedReligious" smin="0" smax="0" dmin="1" dmax="3" x="9474" z="8832" r="60"/>
        <zone name="InfectedReligious" smin="0" smax="0" dmin="1" dmax="3" x="10701" z="8067" r="120"/>
        <zone name="InfectedReligious" smin="0" smax="0" dmin="1" dmax="3" x="9579" z="6822" r="120"/>
        <zone name="InfectedReligious" smin="0" smax="0" dmin="1" dmax="3" x="10060.7" z="5519" r="60"/>
        <zone name="InfectedReligious" smin="0" smax="0" dmin="1" dmax="3" x="12111" z="7260" r="120"/>
        <zone name="InfectedReligious" smin="0" smax="0" dmin="3" dmax="6" x="13035" z="10530" r="120"/>
        <zone name="InfectedReligious" smin="0" smax="0" dmin="1" dmax="3" x="13959" z="13188" r="70"/>
        <zone name="InfectedReligious" smin="0" smax="0" dmin="1" dmax="3" x="13350" z="12894" r="70"/>
        <zone name="InfectedReligious" smin="0" smax="0" dmin="1" dmax="3" x="13488" z="14181" r="70"/>
        <zone name="InfectedReligious" smin="0" smax="0" dmin="1" dmax="3" x="11410.5" z="15066" r="60"/>
        <zone name="InfectedReligious" smin="0" smax="0" dmin="1" dmax="3" x="7749" z="13281" r="60"/>
        <zone name="InfectedReligious" smin="0" smax="0" dmin="1" dmax="3" x="6564" z="15000" r="120"/>
        <zone name="InfectedReligious" smin="0" smax="0" dmin="1" dmax="3" x="5025" z="15129" r="120"/>
        <zone name="InfectedReligious" smin="0" smax="0" dmin="1" dmax="3" x="3624" z="13113" r="120"/>
        <zone name="InfectedReligious" smin="0" smax="0" dmin="1" dmax="3" x="2616" z="15201" r="120"/>
        <zone name="InfectedReligious" smin="0" smax="0" dmin="1" dmax="3" x="1484.33" z="11925" r="70"/>
        <zone name="InfectedReligious" smin="0" smax="0" dmin="2" dmax="4" x="8540" z="11957.6" r="60"/>
        <zone name="InfectedReligious" smin="0" smax="0" dmin="1" dmax="3" x="8172.5" z="12347.6" r="60"/>
        <zone name="InfectedReligious" smin="0" smax="0" dmin="1" dmax="3" x="7950" z="11965" r="60"/>
        <zone name="InfectedReligious" smin="0" smax="0" dmin="1" dmax="3" x="8731.25" z="12611.3" r="60"/>
        <zone name="InfectedReligious" smin="0" smax="0" dmin="1" dmax="3" x="10972.5" z="12285" r="70"/>
        <zone name="InfectedReligious" smin="0" smax="0" dmin="1" dmax="3" x="11223.8" z="12213.8" r="70"/>
        <zone name="InfectedReligious" smin="0" smax="0" dmin="1" dmax="3" x="13858.6" z="13460.5" r="50"/>
    </territory>
	<territory color="1925774598">
        <zone name="InfectedNBC" smin="8" smax="10" dmin="1" dmax="2" x="2148.21" z="3334.64" r="80"/>
        <zone name="InfectedNBC" smin="0" smax="0" dmin="2" dmax="4" x="2093.57" z="3510" r="80"/>
        <zone name="InfectedNBC" smin="0" smax="0" dmin="2" dmax="4" x="1915.71" z="3413.57" r="80"/>
        <zone name="InfectedNBC" smin="8" smax="10" dmin="2" dmax="4" x="13683.3" z="11180" r="80"/>
    </territory>
    <territory color="2615190015">
<!--      <zone name="InfectedIndustrial" smin="0" smax="0" dmin="3" dmax="5" x="1657" z="8001" r="35"/>
        <!-- Greenville -->
        <zone name="InfectedIndustrial" smin="0" smax="0" dmin="3" dmax="4" x="6915.23" z="8562.31" r="50"/>
        <!-- Roachburn -->
        <zone name="InfectedIndustrial" smin="0" smax="0" dmin="2" dmax="4" x="7742.3" z="9874.92" r="40"/>
        <!-- Pinder -->
        <zone name="InfectedIndustrial" smin="0" smax="0" dmin="2" dmax="3" x="5372.84" z="7569.31" r="40"/>
        <!-- The Factory -->
        <zone name="InfectedIndustrial" smin="0" smax="0" dmin="3" dmax="4" x="3585.78" z="7943.88" r="50"/>
        <zone name="InfectedIndustrial" smin="0" smax="0" dmin="3" dmax="4" x="3594.63" z="8119.99" r="40"/>
    </territory>   -->
    <territory color="4287731209">
        <zone name="InfectedCityTier1" smin="0" smax="0" dmin="4" dmax="6" x="12111.7" z="9805" r="70"/>
        <zone name="InfectedCityTier1" smin="0" smax="0" dmin="5" dmax="8" x="11861.2" z="9213.43" r="70"/>
        <zone name="InfectedCityTier1" smin="0" smax="0" dmin="4" dmax="6" x="12066.6" z="9382.21" r="60"/>
        <zone name="InfectedCityTier1" smin="0" smax="0" dmin="6" dmax="8" x="12655.8" z="9501.38" r="100"/>
        <zone name="InfectedCityTier1" smin="0" smax="0" dmin="4" dmax="6" x="12454.1" z="9550.54" r="70"/>
        <zone name="InfectedCityTier1" smin="0" smax="0" dmin="10" dmax="15" x="13898.2" z="13312.5" r="60"/>
        <zone name="InfectedCityTier1" smin="0" smax="0" dmin="8" dmax="8" x="14021.9" z="13099.7" r="60"/>
        <zone name="InfectedCityTier1" smin="0" smax="0" dmin="8" dmax="12" x="10049.4" z="2133.75" r="90"/>
        <zone name="InfectedCityTier1" smin="0" smax="0" dmin="6" dmax="10" x="10609.2" z="2317.16" r="70"/>
        <zone name="InfectedCityTier1" smin="0" smax="0" dmin="8" dmax="12" x="10333.6" z="2054.21" r="80"/>
        <zone name="InfectedCityTier1" smin="0" smax="0" dmin="8" dmax="12" x="10080.6" z="1843.05" r="80"/>
        <zone name="InfectedCityTier1" smin="0" smax="0" dmin="5" dmax="10" x="5692.27" z="2327.5" r="80"/>
        <zone name="InfectedCityTier1" smin="0" smax="0" dmin="6" dmax="8" x="6424.65" z="2403.93" r="80"/>
        <zone name="InfectedCityTier1" smin="0" smax="0" dmin="4" dmax="6" x="5390.8" z="2742.27" r="60"/>
        <zone name="InfectedCityTier1" smin="0" smax="0" dmin="4" dmax="6" x="5764.97" z="2622.05" r="80"/>
        <zone name="InfectedCityTier1" smin="0" smax="0" dmin="4" dmax="8" x="6781.43" z="2680.21" r="80"/>
        <zone name="InfectedCityTier1" smin="0" smax="0" dmin="5" dmax="10" x="6324.46" z="2561.07" r="100"/>
        <zone name="InfectedCityTier1" smin="0" smax="0" dmin="4" dmax="6" x="5483.94" z="2671.52" r="60"/>
        <zone name="InfectedCityTier1" smin="0" smax="0" dmin="4" dmax="6" x="5911.36" z="2690.45" r="80"/>
        <zone name="InfectedCityTier1" smin="0" smax="0" dmin="4" dmax="6" x="5911.36" z="2537.73" r="80"/>
        <zone name="InfectedCityTier1" smin="0" smax="0" dmin="4" dmax="6" x="5746.36" z="2461.36" r="70"/>
        <zone name="InfectedCityTier1" smin="0" smax="0" dmin="4" dmax="6" x="5603.33" z="2695" r="60"/>
        <zone name="InfectedCityTier1" smin="0" smax="0" dmin="5" dmax="8" x="10198.1" z="2081.25" r="60"/>
        <zone name="InfectedCityTier1" smin="0" smax="0" dmin="5" dmax="8" x="10166.3" z="1961.25" r="60"/>
        <zone name="InfectedCityTier1" smin="0" smax="0" dmin="5" dmax="8" x="10050" z="1985.63" r="60"/>
        <zone name="InfectedCityTier1" smin="0" smax="0" dmin="6" dmax="10" x="10464.4" z="2341.88" r="70"/>
        <zone name="InfectedCityTier1" smin="0" smax="0" dmin="6" dmax="10" x="10400.6" z="2214.38" r="70"/>
        <zone name="InfectedCityTier1" smin="0" smax="0" dmin="5" dmax="8" x="10526.3" z="2214.38" r="60"/>
        <zone name="InfectedCityTier1" smin="0" smax="0" dmin="4" dmax="6" x="6075" z="3139.5" r="60"/>
        <zone name="InfectedCityTier1" smin="0" smax="0" dmin="4" dmax="8" x="6788.57" z="2528.57" r="70"/>
        <zone name="InfectedCityTier1" smin="0" smax="0" dmin="4" dmax="8" x="6640.71" z="2616.43" r="70"/>
        <zone name="InfectedCityTier1" smin="0" smax="0" dmin="4" dmax="8" x="6655.71" z="2468.57" r="70"/>
        <zone name="InfectedCityTier1" smin="0" smax="0" dmin="4" dmax="8" x="6518.57" z="2528.57" r="70"/>
        <zone name="InfectedCityTier1" smin="0" smax="0" dmin="6" dmax="8" x="6568.13" z="2341.88" r="80"/>
        <zone name="InfectedCityTier1" smin="0" smax="0" dmin="6" dmax="8" x="6418.13" z="2261.25" r="60"/>
        <zone name="InfectedCityTier1" smin="0" smax="0" dmin="6" dmax="8" x="6210" z="2190" r="60"/>
        <zone name="InfectedCityTier1" smin="0" smax="0" dmin="6" dmax="8" x="6298.13" z="2293.13" r="60"/>
        <zone name="InfectedCityTier1" smin="0" smax="0" dmin="5" dmax="8" x="12005" z="9055" r="60"/>
        <zone name="InfectedCityTier1" smin="0" smax="0" dmin="5" dmax="8" x="11933.3" z="8965" r="60"/>
        <zone name="InfectedCityTier1" smin="0" smax="0" dmin="5" dmax="8" x="11883.3" z="9081.67" r="60"/>
        <zone name="InfectedCityTier1" smin="0" smax="0" dmin="5" dmax="8" x="12096.7" z="9123.33" r="50"/>
        <zone name="InfectedCityTier1" smin="0" smax="0" dmin="5" dmax="8" x="11993.3" z="9175" r="60"/>
        <zone name="InfectedCityTier1" smin="0" smax="0" dmin="2" dmax="4" x="12113.3" z="9023.33" r="50"/>
        <zone name="InfectedCityTier1" smin="0" smax="0" dmin="4" dmax="6" x="12137.3" z="9484" r="60"/>
        <zone name="InfectedCityTier1" smin="0" smax="0" dmin="4" dmax="6" x="12337.3" z="9577.33" r="50"/>
        <zone name="InfectedCityTier1" smin="0" smax="0" dmin="4" dmax="6" x="12263.3" z="9826.67" r="70"/>
        <zone name="InfectedCityTier1" smin="0" smax="0" dmin="4" dmax="6" x="12310" z="9688.33" r="70"/>
        <zone name="InfectedCityTier1" smin="0" smax="0" dmin="5" dmax="8" x="11696.7" z="9151.67" r="50"/>
        <zone name="InfectedCityTier1" smin="0" smax="0" dmin="5" dmax="8" x="12111" z="9589.5" r="50"/>
        <zone name="InfectedCityTier1" smin="0" smax="0" dmin="4" dmax="6" x="12193.5" z="9718.5" r="50"/>
        <zone name="InfectedCityTier1" smin="0" smax="0" dmin="5" dmax="8" x="12091.5" z="9688.5" r="50"/>
        <zone name="InfectedCityTier1" smin="0" smax="0" dmin="4" dmax="6" x="12208.5" z="9619.5" r="50"/>
        <zone name="InfectedCityTier1" smin="0" smax="0" dmin="4" dmax="6" x="12339" z="9472.5" r="50"/>
        <zone name="InfectedCityTier1" smin="0" smax="0" dmin="4" dmax="6" x="12243" z="9526.5" r="50"/>
        <zone name="InfectedCityTier1" smin="0" smax="0" dmin="4" dmax="6" x="12240" z="9421.5" r="50"/>
        <zone name="InfectedCityTier1" smin="0" smax="0" dmin="4" dmax="6" x="12658.8" z="9670.67" r="50"/>
        <zone name="InfectedCityTier1" smin="0" smax="0" dmin="4" dmax="6" x="12622.5" z="9898.5" r="50"/>
        <zone name="InfectedCityTier1" smin="0" smax="0" dmin="4" dmax="6" x="12724.5" z="9876" r="50"/>
        <zone name="InfectedCityTier1" smin="0" smax="0" dmin="4" dmax="6" x="12627" z="9793.5" r="50"/>
        <zone name="InfectedCityTier1" smin="0" smax="0" dmin="4" dmax="6" x="12741" z="9757.5" r="60"/>
        <zone name="InfectedCityTier1" smin="0" smax="0" dmin="4" dmax="6" x="13126.5" z="10371" r="50"/>
        <zone name="InfectedCityTier1" smin="0" smax="0" dmin="4" dmax="6" x="12864" z="10216.5" r="50"/>
        <zone name="InfectedCityTier1" smin="0" smax="0" dmin="4" dmax="6" x="12951" z="10161" r="50"/>
        <zone name="InfectedCityTier1" smin="0" smax="0" dmin="4" dmax="6" x="12943.5" z="9958.5" r="50"/>
        <zone name="InfectedCityTier1" smin="0" smax="0" dmin="4" dmax="6" x="12918" z="10059" r="50"/>
        <zone name="InfectedCityTier1" smin="0" smax="0" dmin="4" dmax="6" x="12835.5" z="10120.5" r="50"/>
        <zone name="InfectedCityTier1" smin="0" smax="0" dmin="4" dmax="6" x="12805.5" z="10006.5" r="60"/>
        <zone name="InfectedCityTier1" smin="0" smax="0" dmin="10" dmax="15" x="13935" z="13201.4" r="60"/>
        <zone name="InfectedCityTier1" smin="0" smax="0" dmin="10" dmax="15" x="13778.2" z="13344.5" r="60"/>
        <zone name="InfectedCityTier1" smin="0" smax="0" dmin="10" dmax="15" x="13806.8" z="13224.5" r="60"/>
        <zone name="InfectedCityTier1" smin="0" smax="0" dmin="4" dmax="6" x="6022.5" z="3255" r="60"/>
        <zone name="InfectedCityTier1" smin="0" smax="0" dmin="4" dmax="6" x="6123" z="3345" r="60"/>
        <zone name="InfectedCityTier1" smin="0" smax="0" dmin="4" dmax="6" x="6169.5" z="3225" r="60"/>
        <zone name="InfectedCityTier1" smin="0" smax="0" dmin="4" dmax="6" x="6313.5" z="3105" r="60"/>
        <zone name="InfectedCityTier1" smin="0" smax="0" dmin="4" dmax="6" x="6289.5" z="3243" r="60"/>
        <zone name="InfectedCityTier1" smin="0" smax="0" dmin="4" dmax="6" x="6382.5" z="2874" r="60"/>
        <zone name="InfectedCityTier1" smin="0" smax="0" dmin="4" dmax="6" x="6484.5" z="2839.5" r="60"/>
        <zone name="InfectedCityTier1" smin="0" smax="0" dmin="4" dmax="6" x="6537" z="2718" r="60"/>
        <zone name="InfectedCityTier1" smin="0" smax="0" dmin="4" dmax="6" x="6457.5" z="2632.5" r="50"/>
        <zone name="InfectedCityTier1" smin="0" smax="0" dmin="4" dmax="6" x="6412.5" z="2740.5" r="60"/>
        <zone name="InfectedCityTier1" smin="0" smax="0" dmin="4" dmax="6" x="5568" z="2574" r="60"/>
        <zone name="InfectedCityTier1" smin="0" smax="0" dmin="4" dmax="6" x="5605.5" z="2454" r="60"/>
        <zone name="InfectedCityTier1" smin="0" smax="0" dmin="4" dmax="6" x="6553.5" z="3657" r="60"/>
        <zone name="InfectedCityTier1" smin="0" smax="0" dmin="4" dmax="6" x="6538.5" z="3523.5" r="60"/>
        <zone name="InfectedCityTier1" smin="0" smax="0" dmin="4" dmax="6" x="6802.5" z="3714" r="60"/>
        <zone name="InfectedCityTier1" smin="0" smax="0" dmin="4" dmax="6" x="6901.5" z="3630" r="60"/>
        <zone name="InfectedCityTier1" smin="0" smax="0" dmin="4" dmax="6" x="6679.5" z="3660" r="60"/>
        <zone name="InfectedCityTier1" smin="0" smax="0" dmin="4" dmax="6" x="6667.5" z="3535.5" r="60"/>
        <zone name="InfectedCityTier1" smin="0" smax="0" dmin="4" dmax="6" x="6787.5" z="3568.5" r="60"/>
    </territory>
    <territory color="1102461653">
        <zone name="InfectedIndustrial" smin="0" smax="0" dmin="3" dmax="5" x="1657" z="8001" r="35"/>
        <!-- Greenville -->
        <zone name="InfectedIndustrial" smin="0" smax="0" dmin="3" dmax="4" x="6915.23" z="8562.31" r="50"/>
        <!-- Roachburn -->
        <zone name="InfectedIndustrial" smin="0" smax="0" dmin="2" dmax="4" x="7742.3" z="9874.92" r="40"/>
        <!-- Pinder -->
        <zone name="InfectedIndustrial" smin="0" smax="0" dmin="2" dmax="3" x="5372.84" z="7569.31" r="40"/>
        <!-- The Factory -->
        <zone name="InfectedIndustrial" smin="0" smax="0" dmin="3" dmax="4" x="3585.78" z="7943.88" r="50"/>
        <zone name="InfectedIndustrial" smin="0" smax="0" dmin="3" dmax="4" x="3594.63" z="8119.99" r="40"/>
    </territory>  <!--
    <territory color="3082523903">
        <zone name="InfectedIndustrial" smin="0" smax="0" dmin="5" dmax="10" x="10860" z="2691" r="100"/>
        <zone name="InfectedIndustrial" smin="0" smax="0" dmin="5" dmax="10" x="7956.5" z="3091.5" r="100"/>
        <zone name="InfectedIndustrial" smin="0" smax="0" dmin="5" dmax="10" x="10300.1" z="1872.5" r="100"/>
        <zone name="InfectedIndustrial" smin="0" smax="0" dmin="5" dmax="10" x="10419" z="2587.12" r="70"/>
        <zone name="InfectedIndustrial" smin="0" smax="0" dmin="5" dmax="10" x="7251" z="3288" r="100"/>
        <zone name="InfectedIndustrial" smin="0" smax="0" dmin="4" dmax="8" x="7060.5" z="2853.75" r="100"/>
        <zone name="InfectedIndustrial" smin="0" smax="0" dmin="6" dmax="10" x="7684.5" z="3238.5" r="90"/>
        <zone name="InfectedIndustrial" smin="0" smax="0" dmin="5" dmax="10" x="13005" z="10282.5" r="80"/>
        <zone name="InfectedIndustrial" smin="0" smax="0" dmin="2" dmax="5" x="11500" z="7470" r="100"/>
        <zone name="InfectedIndustrial" smin="0" smax="0" dmin="5" dmax="10" x="12846" z="9866" r="80"/>
        <zone name="InfectedIndustrial" smin="0" smax="0" dmin="4" dmax="8" x="12270" z="9173.13" r="60"/>
        <zone name="InfectedIndustrial" smin="0" smax="0" dmin="5" dmax="10" x="13377.5" z="6105" r="100"/>
        <zone name="InfectedIndustrial" smin="0" smax="0" dmin="8" dmax="12" x="13055" z="10043" r="80"/>
        <zone name="InfectedIndustrial" smin="0" smax="0" dmin="5" dmax="10" x="13110" z="7085" r="100"/>
        <zone name="InfectedIndustrial" smin="0" smax="0" dmin="8" dmax="12" x="12825.5" z="9614" r="100"/>
        <zone name="InfectedIndustrial" smin="0" smax="0" dmin="5" dmax="10" x="13975.9" z="13404.5" r="60"/>
        <zone name="InfectedIndustrial" smin="0" smax="0" dmin="4" dmax="6" x="12470" z="12535" r="50"/>
        <zone name="InfectedIndustrial" smin="0" smax="0" dmin="4" dmax="8" x="11865" z="12452.5" r="80"/>
        <zone name="InfectedIndustrial" smin="0" smax="0" dmin="4" dmax="7" x="13179.4" z="14912.5" r="70"/>
        <zone name="InfectedIndustrial" smin="0" smax="0" dmin="3" dmax="5" x="14055" z="13296.9" r="60"/>
        <zone name="InfectedIndustrial" smin="0" smax="0" dmin="4" dmax="8" x="10376.3" z="1678.13" r="60"/>
        <zone name="InfectedIndustrial" smin="0" smax="0" dmin="5" dmax="10" x="10400.6" z="2460" r="60"/>
        <zone name="InfectedIndustrial" smin="0" smax="0" dmin="6" dmax="10" x="7503" z="3186" r="90"/>
        <zone name="InfectedIndustrial" smin="0" smax="0" dmin="6" dmax="10" x="7497" z="3012" r="90"/>
        <zone name="InfectedIndustrial" smin="0" smax="0" dmin="4" dmax="6" x="7413" z="3330" r="60"/>
        <zone name="InfectedIndustrial" smin="0" smax="0" dmin="4" dmax="8" x="7248" z="2754" r="100"/>
        <zone name="InfectedIndustrial" smin="0" smax="0" dmin="4" dmax="8" x="7065" z="2652" r="100"/>
        <zone name="InfectedIndustrial" smin="0" smax="0" dmin="4" dmax="8" x="12320.6" z="9056.25" r="60"/>
        <zone name="InfectedIndustrial" smin="0" smax="0" dmin="3" dmax="5" x="12951.7" z="8126.67" r="50"/>
        <zone name="InfectedIndustrial" smin="0" smax="0" dmin="3" dmax="5" x="14284.1" z="13299.5" r="50"/>
        <zone name="InfectedIndustrial" smin="0" smax="0" dmin="3" dmax="5" x="14173.6" z="13306.4" r="50"/>
        <zone name="InfectedIndustrial" smin="0" smax="0" dmin="3" dmax="5" x="14170.9" z="13118.2" r="50"/>
        <zone name="InfectedIndustrial" smin="0" smax="0" dmin="3" dmax="5" x="14130" z="13209.5" r="50"/>
        <zone name="InfectedIndustrial" smin="0" smax="0" dmin="3" dmax="5" x="14042.7" z="13200" r="50"/>
    </territory>     -->
    <territory color="1910952871">
        <zone name="InfectedSolitude" smin="0" smax="0" dmin="2" dmax="4" x="10755" z="10813.8" r="70"/>
        <zone name="InfectedSolitude" smin="0" smax="0" dmin="3" dmax="5" x="1745.18" z="5078.82" r="70"/>
        <zone name="InfectedSolitude" smin="0" smax="0" dmin="3" dmax="5" x="6767.5" z="5592.5" r="100"/>
        <zone name="InfectedSolitude" smin="0" smax="0" dmin="1" dmax="4" x="5408.24" z="5487.35" r="80"/>
        <zone name="InfectedSolitude" smin="0" smax="0" dmin="1" dmax="4" x="8395" z="4945" r="100"/>
        <zone name="InfectedSolitude" smin="0" smax="0" dmin="1" dmax="4" x="5900" z="11265" r="100"/>
        <zone name="InfectedSolitude" smin="0" smax="0" dmin="1" dmax="4" x="6435" z="14965" r="100"/>
        <zone name="InfectedSolitude" smin="0" smax="0" dmin="1" dmax="4" x="4510" z="12920" r="100"/>
        <zone name="InfectedSolitude" smin="0" smax="0" dmin="1" dmax="4" x="3965" z="12550" r="100"/>
        <zone name="InfectedSolitude" smin="0" smax="0" dmin="1" dmax="4" x="4895" z="11815" r="100"/>
        <zone name="InfectedSolitude" smin="0" smax="0" dmin="3" dmax="5" x="5266" z="10568.5" r="80"/>
        <zone name="InfectedSolitude" smin="0" smax="0" dmin="1" dmax="4" x="10525.7" z="7007.14" r="100"/>
        <zone name="InfectedSolitude" smin="0" smax="0" dmin="1" dmax="4" x="9745.71" z="13105.7" r="100"/>
        <zone name="InfectedSolitude" smin="0" smax="0" dmin="1" dmax="4" x="11255" z="4275" r="80"/>
        <zone name="InfectedSolitude" smin="0" smax="0" dmin="1" dmax="4" x="7220" z="6990" r="120"/>
        <zone name="InfectedSolitude" smin="0" smax="0" dmin="1" dmax="4" x="8120" z="10985" r="100"/>
        <zone name="InfectedSolitude" smin="0" smax="0" dmin="3" dmax="5" x="9758.75" z="13925" r="80"/>
        <zone name="InfectedSolitude" smin="0" smax="0" dmin="2" dmax="4" x="5442.55" z="3808.23" r="50"/>
        <zone name="InfectedSolitude" smin="0" smax="0" dmin="1" dmax="4" x="2588.57" z="3458.57" r="80"/>
        <zone name="InfectedSolitude" smin="0" smax="0" dmin="1" dmax="4" x="2756.67" z="3093.33" r="80"/>
        <zone name="InfectedSolitude" smin="0" smax="0" dmin="2" dmax="4" x="3975.27" z="4730.73" r="80"/>
        <zone name="InfectedSolitude" smin="0" smax="0" dmin="1" dmax="4" x="3231" z="6114" r="80"/>
        <zone name="InfectedSolitude" smin="0" smax="0" dmin="2" dmax="4" x="2246.18" z="6230.45" r="60"/>
        <zone name="InfectedSolitude" smin="0" smax="0" dmin="1" dmax="4" x="1956" z="7042" r="90"/>
        <zone name="InfectedSolitude" smin="0" smax="0" dmin="1" dmax="4" x="2179.67" z="7903.33" r="80"/>
        <zone name="InfectedSolitude" smin="0" smax="0" dmin="1" dmax="4" x="1971.33" z="9153.33" r="80"/>
        <zone name="InfectedSolitude" smin="0" smax="0" dmin="1" dmax="4" x="2748" z="9504" r="80"/>
        <zone name="InfectedSolitude" smin="0" smax="0" dmin="1" dmax="4" x="3102" z="9210" r="80"/>
        <zone name="InfectedSolitude" smin="0" smax="0" dmin="1" dmax="4" x="3326.57" z="11237.1" r="120"/>
        <zone name="InfectedSolitude" smin="0" smax="0" dmin="1" dmax="4" x="204" z="12513" r="80"/>
        <zone name="InfectedSolitude" smin="0" smax="0" dmin="1" dmax="4" x="2580" z="14825" r="80"/>
        <zone name="InfectedSolitude" smin="0" smax="0" dmin="1" dmax="4" x="3192.5" z="15292.5" r="80"/>
        <zone name="InfectedSolitude" smin="0" smax="0" dmin="1" dmax="4" x="2882.5" z="15167.5" r="80"/>
        <zone name="InfectedSolitude" smin="0" smax="0" dmin="1" dmax="4" x="3042.5" z="15212.5" r="80"/>
        <zone name="InfectedSolitude" smin="0" smax="0" dmin="1" dmax="4" x="2260" z="15242.5" r="100"/>
        <zone name="InfectedSolitude" smin="0" smax="0" dmin="1" dmax="4" x="3705" z="14827.5" r="90"/>
        <zone name="InfectedSolitude" smin="0" smax="0" dmin="1" dmax="4" x="4492.5" z="15227.5" r="90"/>
        <zone name="InfectedSolitude" smin="0" smax="0" dmin="1" dmax="4" x="4352.5" z="13720" r="90"/>
        <zone name="InfectedSolitude" smin="0" smax="0" dmin="1" dmax="4" x="5185" z="14940" r="60"/>
        <zone name="InfectedSolitude" smin="0" smax="0" dmin="1" dmax="4" x="5652.5" z="14567.5" r="60"/>
        <zone name="InfectedSolitude" smin="0" smax="0" dmin="1" dmax="4" x="5437.5" z="14540" r="60"/>
        <zone name="InfectedSolitude" smin="0" smax="0" dmin="1" dmax="4" x="3987" z="13938" r="60"/>
        <zone name="InfectedSolitude" smin="0" smax="0" dmin="1" dmax="4" x="4587" z="11610" r="80"/>
        <zone name="InfectedSolitude" smin="0" smax="0" dmin="1" dmax="4" x="4173" z="12111" r="80"/>
        <zone name="InfectedSolitude" smin="0" smax="0" dmin="1" dmax="4" x="3633" z="8064" r="80"/>
        <zone name="InfectedSolitude" smin="0" smax="0" dmin="1" dmax="4" x="5523" z="7257" r="80"/>
        <zone name="InfectedSolitude" smin="0" smax="0" dmin="1" dmax="4" x="3696" z="8262" r="80"/>
        <zone name="InfectedSolitude" smin="0" smax="0" dmin="1" dmax="4" x="7422" z="9105" r="80"/>
        <zone name="InfectedSolitude" smin="0" smax="0" dmin="1" dmax="4" x="6907.5" z="11415" r="90"/>
        <zone name="InfectedSolitude" smin="0" smax="0" dmin="1" dmax="4" x="7233.75" z="11332.5" r="80"/>
        <zone name="InfectedSolitude" smin="0" smax="0" dmin="1" dmax="4" x="7848.75" z="11553.8" r="80"/>
        <zone name="InfectedSolitude" smin="0" smax="0" dmin="2" dmax="4" x="6566.25" z="5595" r="80"/>
        <zone name="InfectedSolitude" smin="0" smax="0" dmin="1" dmax="4" x="6015" z="5606.25" r="80"/>
        <zone name="InfectedSolitude" smin="0" smax="0" dmin="1" dmax="4" x="7065" z="4308.75" r="80"/>
        <zone name="InfectedSolitude" smin="0" smax="0" dmin="1" dmax="4" x="6258.75" z="3783.75" r="80"/>
        <zone name="InfectedSolitude" smin="0" smax="0" dmin="8" dmax="12" x="10312.5" z="3502.5" r="80"/>
        <zone name="InfectedSolitude" smin="0" smax="0" dmin="8" dmax="12" x="9277.5" z="4961.25" r="100"/>
        <zone name="InfectedSolitude" smin="0" smax="0" dmin="1" dmax="4" x="8366.25" z="5981.25" r="100"/>
        <zone name="InfectedSolitude" smin="0" smax="0" dmin="1" dmax="4" x="11515.5" z="5020.5" r="60"/>
        <zone name="InfectedSolitude" smin="0" smax="0" dmin="1" dmax="4" x="12180" z="5049" r="60"/>
        <zone name="InfectedSolitude" smin="0" smax="0" dmin="1" dmax="4" x="12297" z="5586" r="60"/>
        <zone name="InfectedSolitude" smin="0" smax="0" dmin="1" dmax="4" x="12621" z="5730" r="60"/>
        <zone name="InfectedSolitude" smin="0" smax="0" dmin="1" dmax="4" x="12915" z="5619" r="60"/>
        <zone name="InfectedSolitude" smin="0" smax="0" dmin="1" dmax="4" x="13215" z="5436" r="60"/>
        <zone name="InfectedSolitude" smin="0" smax="0" dmin="2" dmax="4" x="12297.7" z="8488" r="60"/>
        <zone name="InfectedSolitude" smin="0" smax="0" dmin="1" dmax="4" x="9780" z="7785" r="100"/>
        <zone name="InfectedSolitude" smin="0" smax="0" dmin="1" dmax="4" x="9084" z="8043" r="100"/>
        <zone name="InfectedSolitude" smin="0" smax="0" dmin="1" dmax="4" x="13472.7" z="3291.82" r="80"/>
        <zone name="InfectedSolitude" smin="0" smax="0" dmin="1" dmax="4" x="13579.1" z="3054.55" r="60"/>
        <zone name="InfectedSolitude" smin="0" smax="0" dmin="1" dmax="4" x="13472.7" z="2833.64" r="60"/>
        <zone name="InfectedSolitude" smin="0" smax="0" dmin="1" dmax="4" x="13860" z="2888.18" r="60"/>
        <zone name="InfectedSolitude" smin="0" smax="0" dmin="1" dmax="4" x="11657.3" z="7323.86" r="100"/>
        <zone name="InfectedSolitude" smin="0" smax="0" dmin="2" dmax="4" x="3480" z="3806.25" r="60"/>
        <zone name="InfectedSolitude" smin="0" smax="0" dmin="1" dmax="4" x="10215" z="12036" r="100"/>
        <zone name="InfectedSolitude" smin="0" smax="0" dmin="2" dmax="4" x="10953.9" z="13380.9" r="60"/>
        <zone name="InfectedSolitude" smin="0" smax="0" dmin="3" dmax="5" x="14347.2" z="14811.7" r="50"/>
        <zone name="InfectedSolitude" smin="0" smax="0" dmin="6" dmax="8" x="15157.7" z="13819.5" r="80"/>
        <zone name="InfectedSolitude" smin="0" smax="0" dmin="1" dmax="4" x="14817" z="14577" r="80"/>
        <zone name="InfectedSolitude" smin="0" smax="0" dmin="3" dmax="5" x="13173.3" z="13108" r="100"/>
        <zone name="InfectedSolitude" smin="0" smax="0" dmin="6" dmax="8" x="11501.2" z="10633.1" r="90"/>
        <zone name="InfectedSolitude" smin="0" smax="0" dmin="2" dmax="4" x="13438.2" z="12132.2" r="50"/>
        <zone name="InfectedSolitude" smin="0" smax="0" dmin="2" dmax="4" x="10931.2" z="9105" r="70"/>
        <zone name="InfectedSolitude" smin="0" smax="0" dmin="1" dmax="4" x="12608.6" z="4393.93" r="90"/>
        <zone name="InfectedSolitude" smin="0" smax="0" dmin="1" dmax="4" x="13267.5" z="3955" r="100"/>
        <zone name="InfectedSolitude" smin="0" smax="0" dmin="1" dmax="4" x="12858.9" z="4441.43" r="90"/>
        <zone name="InfectedSolitude" smin="0" smax="0" dmin="1" dmax="4" x="589.286" z="5427.86" r="80"/>
        <zone name="InfectedSolitude" smin="0" smax="0" dmin="1" dmax="4" x="539.464" z="5260.98" r="80"/>
        <zone name="InfectedSolitude" smin="0" smax="0" dmin="1" dmax="4" x="289.286" z="5297.86" r="80"/>
        <zone name="InfectedSolitude" smin="0" smax="0" dmin="1" dmax="4" x="1075.71" z="6625.71" r="80"/>
        <zone name="InfectedSolitude" smin="0" smax="0" dmin="1" dmax="4" x="1215.54" z="8775" r="80"/>
        <zone name="InfectedSolitude" smin="0" smax="0" dmin="1" dmax="4" x="1570.71" z="8952.86" r="80"/>
        <zone name="InfectedSolitude" smin="0" smax="0" dmin="2" dmax="4" x="2023.67" z="9841.88" r="70"/>
        <zone name="InfectedSolitude" smin="0" smax="0" dmin="1" dmax="4" x="1883.81" z="11999" r="70"/>
        <zone name="InfectedSolitude" smin="0" smax="0" dmin="1" dmax="4" x="2510.96" z="11956.7" r="60"/>
        <zone name="InfectedSolitude" smin="0" smax="0" dmin="1" dmax="4" x="2359.29" z="11796.4" r="60"/>
        <zone name="InfectedSolitude" smin="0" smax="0" dmin="1" dmax="4" x="2035.71" z="11340" r="80"/>
        <zone name="InfectedSolitude" smin="0" smax="0" dmin="2" dmax="4" x="1033.88" z="9972.75" r="50"/>
        <zone name="InfectedSolitude" smin="0" smax="0" dmin="2" dmax="4" x="1585.71" z="10430.1" r="70"/>
        <zone name="InfectedSolitude" smin="0" smax="0" dmin="2" dmax="4" x="1321.13" z="10081.5" r="50"/>
        <zone name="InfectedSolitude" smin="0" smax="0" dmin="1" dmax="4" x="161.25" z="10417.5" r="60"/>
        <zone name="InfectedSolitude" smin="0" smax="0" dmin="1" dmax="4" x="270" z="6603.75" r="80"/>
        <zone name="InfectedSolitude" smin="0" smax="0" dmin="2" dmax="4" x="228.75" z="7500.54" r="70"/>
        <zone name="InfectedSolitude" smin="0" smax="0" dmin="1" dmax="4" x="663.75" z="5696.25" r="80"/>
        <zone name="InfectedSolitude" smin="0" smax="0" dmin="1" dmax="4" x="3595" z="6965" r="80"/>
        <zone name="InfectedSolitude" smin="0" smax="0" dmin="1" dmax="4" x="1164" z="4590" r="80"/>
        <zone name="InfectedSolitude" smin="0" smax="0" dmin="1" dmax="4" x="417" z="5163" r="80"/>
        <zone name="InfectedSolitude" smin="0" smax="0" dmin="2" dmax="4" x="261" z="3774" r="60"/>
        <zone name="InfectedSolitude" smin="0" smax="0" dmin="1" dmax="4" x="1116" z="2394" r="80"/>
        <zone name="InfectedSolitude" smin="0" smax="0" dmin="1" dmax="4" x="4930" z="14887.5" r="60"/>
        <zone name="InfectedSolitude" smin="0" smax="0" dmin="1" dmax="4" x="3300" z="15007.5" r="80"/>
        <zone name="InfectedSolitude" smin="0" smax="0" dmin="1" dmax="4" x="11035" z="6665" r="100"/>
        <zone name="InfectedSolitude" smin="0" smax="0" dmin="1" dmax="4" x="3005" z="6732.5" r="80"/>
        <zone name="InfectedSolitude" smin="0" smax="0" dmin="2" dmax="4" x="3105" z="4234.09" r="60"/>
        <zone name="InfectedSolitude" smin="0" smax="0" dmin="2" dmax="4" x="3094.09" z="4050" r="60"/>
        <zone name="InfectedSolitude" smin="0" smax="0" dmin="2" dmax="4" x="3122.73" z="3923.18" r="60"/>
        <zone name="InfectedSolitude" smin="0" smax="0" dmin="2" dmax="4" x="3263.18" z="3889.09" r="60"/>
        <zone name="InfectedSolitude" smin="0" smax="0" dmin="2" dmax="4" x="4550.45" z="4540.91" r="60"/>
        <zone name="InfectedSolitude" smin="0" smax="0" dmin="2" dmax="4" x="4697.73" z="4701.82" r="60"/>
        <zone name="InfectedSolitude" smin="0" smax="0" dmin="3" dmax="5" x="3792.86" z="2588.57" r="60"/>
        <zone name="InfectedSolitude" smin="0" smax="0" dmin="3" dmax="5" x="3201.43" z="2577.86" r="60"/>
        <zone name="InfectedSolitude" smin="0" smax="0" dmin="2" dmax="4" x="1873.13" z="3890.63" r="60"/>
        <zone name="InfectedSolitude" smin="0" smax="0" dmin="2" dmax="4" x="1890" z="4323.75" r="60"/>
        <zone name="InfectedSolitude" smin="0" smax="0" dmin="2" dmax="4" x="2720.45" z="5986.36" r="60"/>
        <zone name="InfectedSolitude" smin="0" smax="0" dmin="2" dmax="4" x="2975" z="5565" r="60"/>
        <zone name="InfectedSolitude" smin="0" smax="0" dmin="2" dmax="4" x="2591.67" z="5690" r="60"/>
        <zone name="InfectedSolitude" smin="0" smax="0" dmin="2" dmax="4" x="2512.58" z="5537.42" r="60"/>
        <zone name="InfectedSolitude" smin="0" smax="0" dmin="2" dmax="4" x="2590.91" z="5460" r="60"/>
        <zone name="InfectedSolitude" smin="0" smax="0" dmin="2" dmax="4" x="2667.27" z="5550" r="60"/>
        <zone name="InfectedSolitude" smin="0" smax="0" dmin="2" dmax="4" x="9633.33" z="8673.33" r="60"/>
        <zone name="InfectedSolitude" smin="0" smax="0" dmin="2" dmax="4" x="9801.67" z="8220" r="60"/>
        <zone name="InfectedSolitude" smin="0" smax="0" dmin="2" dmax="4" x="12310" z="8340" r="50"/>
        <zone name="InfectedSolitude" smin="0" smax="0" dmin="2" dmax="4" x="12633.3" z="8763.33" r="50"/>
        <zone name="InfectedSolitude" smin="0" smax="0" dmin="6" dmax="8" x="12261.7" z="10613.3" r="70"/>
        <zone name="InfectedSolitude" smin="0" smax="0" dmin="2" dmax="4" x="12170" z="10905" r="50"/>
        <zone name="InfectedSolitude" smin="0" smax="0" dmin="2" dmax="4" x="12176.7" z="10713.3" r="50"/>
        <zone name="InfectedSolitude" smin="0" smax="0" dmin="2" dmax="4" x="12263.3" z="11171.7" r="50"/>
        <zone name="InfectedSolitude" smin="0" smax="0" dmin="2" dmax="4" x="12388.3" z="11085" r="50"/>
        <zone name="InfectedVillage" smin="0" smax="0" dmin="3" dmax="5" x="1497.86" z="10669.3" r="50"/>
        <zone name="InfectedSolitude" smin="0" smax="0" dmin="2" dmax="4" x="1181.25" z="9991.88" r="70"/>
        <zone name="InfectedSolitude" smin="0" smax="0" dmin="3" dmax="5" x="14211.8" z="14858.2" r="60"/>
        <zone name="InfectedSolitude" smin="0" smax="0" dmin="3" dmax="5" x="14211.8" z="15002.7" r="50"/>
        <zone name="InfectedSolitude" smin="0" smax="0" dmin="3" dmax="5" x="14119.1" z="14942.7" r="50"/>
        <zone name="InfectedSolitude" smin="0" smax="0" dmin="3" dmax="5" x="14513.2" z="14642.7" r="50"/>
        <zone name="InfectedSolitude" smin="0" smax="0" dmin="3" dmax="5" x="14057.7" z="14719.1" r="50"/>
        <zone name="InfectedSolitude" smin="0" smax="0" dmin="3" dmax="5" x="14813.4" z="14051.3" r="50"/>
        <zone name="InfectedSolitude" smin="0" smax="0" dmin="3" dmax="5" x="14555.6" z="13995.9" r="50"/>
        <zone name="InfectedSolitude" smin="0" smax="0" dmin="3" dmax="5" x="14674.7" z="14062.5" r="50"/>
        <zone name="InfectedSolitude" smin="0" smax="0" dmin="3" dmax="5" x="13248" z="14505" r="50"/>
        <zone name="InfectedSolitude" smin="0" smax="0" dmin="2" dmax="4" x="13471.3" z="13065" r="50"/>
        <zone name="InfectedSolitude" smin="0" smax="0" dmin="2" dmax="4" x="5377.5" z="3669" r="50"/>
        <zone name="InfectedSolitude" smin="0" smax="0" dmin="2" dmax="4" x="5239.5" z="3690" r="50"/>
        <zone name="InfectedSolitude" smin="0" smax="0" dmin="2" dmax="4" x="5217" z="4207.5" r="50"/>
        <zone name="InfectedSolitude" smin="0" smax="0" dmin="2" dmax="4" x="5745" z="4167" r="50"/>
        <zone name="InfectedSolitude" smin="0" smax="0" dmin="2" dmax="4" x="6081" z="4896" r="50"/>
    </territory>
    <territory color="3870921329">
        <zone name="InfectedVillageTier1" smin="0" smax="0" dmin="8" dmax="12" x="12913.3" z="8020" r="80"/>
        <zone name="InfectedVillageTier1" smin="0" smax="0" dmin="4" dmax="6" x="13296.3" z="12996.3" r="60"/>
        <zone name="InfectedVillageTier1" smin="0" smax="0" dmin="3" dmax="5" x="13582.3" z="14092.8" r="50"/>
        <zone name="InfectedVillageTier1" smin="0" smax="0" dmin="3" dmax="5" x="13036.9" z="14409.4" r="50"/>
        <zone name="InfectedVillageTier1" smin="0" smax="0" dmin="6" dmax="8" x="12403.1" z="14868.8" r="80"/>
        <zone name="InfectedVillageTier1" smin="0" smax="0" dmin="8" dmax="12" x="14056.4" z="15073" r="80"/>
        <zone name="InfectedVillageTier1" smin="0" smax="0" dmin="4" dmax="6" x="11902.5" z="12493.8" r="70"/>
        <zone name="InfectedVillageTier1" smin="0" smax="0" dmin="4" dmax="6" x="11566.3" z="12383.8" r="60"/>
        <zone name="InfectedVillageTier1" smin="0" smax="0" dmin="1" dmax="5" x="11737.5" z="12180" r="60"/>
        <zone name="InfectedVillageTier1" smin="0" smax="0" dmin="3" dmax="5" x="11940" z="12001.5" r="50"/>
        <zone name="InfectedVillageTier1" smin="0" smax="0" dmin="8" dmax="12" x="12319.2" z="10958.3" r="80"/>
        <zone name="InfectedVillageTier1" smin="0" smax="0" dmin="5" dmax="8" x="12271.7" z="10810" r="70"/>
        <zone name="InfectedVillageTier1" smin="0" smax="0" dmin="4" dmax="8" x="12230" z="7325" r="80"/>
        <zone name="InfectedVillageTier1" smin="0" smax="0" dmin="8" dmax="12" x="12075" z="7250" r="80"/>
        <zone name="InfectedVillageTier1" smin="0" smax="0" dmin="8" dmax="12" x="11210" z="6565" r="80"/>
        <zone name="InfectedVillageTier1" smin="0" smax="0" dmin="4" dmax="8" x="11390" z="6585" r="80"/>
        <zone name="InfectedVillageTier1" smin="0" smax="0" dmin="4" dmax="8" x="11585" z="6610" r="80"/>
        <zone name="InfectedVillageTier1" smin="0" smax="0" dmin="4" dmax="8" x="12080" z="6325" r="80"/>
        <zone name="InfectedVillageTier1" smin="0" smax="0" dmin="4" dmax="8" x="12260" z="6270" r="80"/>
        <zone name="InfectedVillageTier1" smin="0" smax="0" dmin="4" dmax="8" x="12960" z="6760" r="100"/>
        <zone name="InfectedVillageTier1" smin="0" smax="0" dmin="4" dmax="8" x="13343.3" z="5431.67" r="80"/>
        <zone name="InfectedVillageTier1" smin="0" smax="0" dmin="4" dmax="8" x="12905.8" z="7087.57" r="80"/>
        <zone name="InfectedVillageTier1" smin="0" smax="0" dmin="8" dmax="12" x="13182.1" z="7120.47" r="100"/>
        <zone name="InfectedVillageTier1" smin="0" smax="0" dmin="4" dmax="8" x="12945" z="6265" r="80"/>
        <zone name="InfectedVillageTier1" smin="0" smax="0" dmin="8" dmax="12" x="13386.9" z="6309.15" r="100"/>
        <zone name="InfectedVillageTier1" smin="0" smax="0" dmin="8" dmax="12" x="12020" z="3505" r="80"/>
        <zone name="InfectedVillageTier1" smin="0" smax="0" dmin="8" dmax="12" x="12198.2" z="3519.78" r="80"/>
        <zone name="InfectedVillageTier1" smin="0" smax="0" dmin="5" dmax="10" x="10167.5" z="2324.38" r="60"/>
        <zone name="InfectedVillageTier1" smin="0" smax="0" dmin="5" dmax="10" x="10481.1" z="2084.38" r="70"/>
        <zone name="InfectedVillageTier1" smin="0" smax="0" dmin="5" dmax="8" x="9561.7" z="1998.33" r="70"/>
        <zone name="InfectedVillageTier1" smin="0" smax="0" dmin="4" dmax="8" x="10253.4" z="2909.16" r="60"/>
        <zone name="InfectedVillageTier1" smin="0" smax="0" dmin="5" dmax="10" x="10228.4" z="2500" r="120"/>
        <zone name="InfectedVillageTier1" smin="0" smax="0" dmin="5" dmax="8" x="9384.2" z="2018.33" r="70"/>
        <zone name="InfectedVillageTier1" smin="0" smax="0" dmin="4" dmax="8" x="9207.5" z="3942.5" r="60"/>
        <zone name="InfectedVillageTier1" smin="0" smax="0" dmin="4" dmax="8" x="9113.78" z="4088.42" r="60"/>
        <zone name="InfectedVillageTier1" smin="0" smax="0" dmin="8" dmax="12" x="8046.07" z="3330.71" r="80"/>
        <zone name="InfectedVillageTier1" smin="0" smax="0" dmin="4" dmax="6" x="6080.88" z="2855.13" r="60"/>
        <zone name="InfectedVillageTier1" smin="0" smax="0" dmin="15" dmax="20" x="4488.75" z="2465.42" r="140"/>
        <zone name="InfectedVillageTier1" smin="0" smax="0" dmin="8" dmax="12" x="4883.33" z="2832.92" r="80"/>
        <zone name="InfectedVillageTier1" smin="0" smax="0" dmin="3" dmax="6" x="6456.67" z="3121.68" r="60"/>
        <zone name="InfectedVillageTier1" smin="0" smax="0" dmin="5" dmax="8" x="9502.5" z="1871.25" r="70"/>
        <zone name="InfectedVillageTier1" smin="0" smax="0" dmin="5" dmax="8" x="9901.88" z="1856.25" r="70"/>
        <zone name="InfectedVillageTier1" smin="0" smax="0" dmin="4" dmax="6" x="9716.25" z="1989.38" r="60"/>
        <zone name="InfectedVillageTier1" smin="0" smax="0" dmin="4" dmax="6" x="9931.88" z="1980" r="60"/>
        <zone name="InfectedVillageTier1" smin="0" smax="0" dmin="5" dmax="10" x="10183.1" z="2208.75" r="60"/>
        <zone name="InfectedVillageTier1" smin="0" smax="0" dmin="4" dmax="6" x="10606.9" z="2120.63" r="60"/>
        <zone name="InfectedVillageTier1" smin="0" smax="0" dmin="4" dmax="8" x="9101.25" z="3873.75" r="60"/>
        <zone name="InfectedVillageTier1" smin="0" smax="0" dmin="4" dmax="8" x="9161.25" z="3765" r="60"/>
        <zone name="InfectedVillageTier1" smin="0" smax="0" dmin="3" dmax="6" x="9993.33" z="2631.67" r="60"/>
        <zone name="InfectedVillageTier1" smin="0" smax="0" dmin="3" dmax="6" x="10348.3" z="2830" r="60"/>
        <zone name="InfectedVillageTier1" smin="0" smax="0" dmin="5" dmax="8" x="8694" z="2421" r="70"/>
        <zone name="InfectedVillageTier1" smin="0" smax="0" dmin="3" dmax="6" x="6542.14" z="3012.86" r="60"/>
        <zone name="InfectedVillageTier1" smin="0" smax="0" dmin="3" dmax="6" x="6190.71" z="3081.43" r="60"/>
        <zone name="InfectedVillageTier1" smin="0" smax="0" dmin="3" dmax="5" x="12996.7" z="8195" r="50"/>
        <zone name="InfectedVillageTier1" smin="0" smax="0" dmin="3" dmax="5" x="12955" z="8293.33" r="50"/>
        <zone name="InfectedVillageTier1" smin="0" smax="0" dmin="3" dmax="5" x="12943.1" z="14478.8" r="50"/>
        <zone name="InfectedVillageTier1" smin="0" smax="0" dmin="3" dmax="5" x="13051.9" z="14518.1" r="50"/>
        <zone name="InfectedVillageTier1" smin="0" smax="0" dmin="3" dmax="5" x="12976.9" z="14593.1" r="50"/>
        <zone name="InfectedVillageTier1" smin="0" smax="0" dmin="3" dmax="5" x="12871.9" z="14595" r="50"/>
        <zone name="InfectedVillageTier1" smin="0" smax="0" dmin="3" dmax="5" x="12834.4" z="14715" r="70"/>
        <zone name="InfectedVillageTier1" smin="0" smax="0" dmin="3" dmax="5" x="12723.8" z="14604.4" r="70"/>
        <zone name="InfectedVillageTier1" smin="0" smax="0" dmin="4" dmax="6" x="12635.6" z="14733.8" r="80"/>
        <zone name="InfectedVillageTier1" smin="0" smax="0" dmin="3" dmax="5" x="12519.4" z="14797.5" r="50"/>
        <zone name="InfectedVillageTier1" smin="0" smax="0" dmin="3" dmax="5" x="12718.1" z="15084.4" r="50"/>
        <zone name="InfectedVillageTier1" smin="0" smax="0" dmin="3" dmax="5" x="12868.1" z="15090" r="70"/>
        <zone name="InfectedVillageTier1" smin="0" smax="0" dmin="3" dmax="5" x="12973.1" z="15022.5" r="50"/>
        <zone name="InfectedVillageTier1" smin="0" smax="0" dmin="3" dmax="5" x="13070.6" z="14977.5" r="50"/>
        <zone name="InfectedVillageTier1" smin="0" smax="0" dmin="3" dmax="5" x="13290" z="14788.1" r="50"/>
        <zone name="InfectedVillageTier1" smin="0" smax="0" dmin="3" dmax="5" x="13921.4" z="15039.5" r="50"/>
        <zone name="InfectedVillageTier1" smin="0" smax="0" dmin="3" dmax="5" x="13625.8" z="13986.9" r="50"/>
        <zone name="InfectedVillageTier1" smin="0" smax="0" dmin="3" dmax="5" x="13526.5" z="14005.4" r="50"/>
        <zone name="InfectedVillageTier1" smin="0" smax="0" dmin="3" dmax="5" x="13499.3" z="13826.7" r="50"/>
        <zone name="InfectedVillageTier1" smin="0" smax="0" dmin="3" dmax="5" x="13771.2" z="14125.4" r="50"/>
        <zone name="InfectedVillageTier1" smin="0" smax="0" dmin="3" dmax="5" x="13526.5" z="14225.8" r="50"/>
        <zone name="InfectedVillageTier1" smin="0" smax="0" dmin="4" dmax="6" x="13408.8" z="12962.5" r="60"/>
        <zone name="InfectedVillageTier1" smin="0" smax="0" dmin="4" dmax="6" x="13335" z="12858.8" r="60"/>
        <zone name="InfectedVillageTier1" smin="0" smax="0" dmin="4" dmax="6" x="13580" z="13321.3" r="50"/>
        <zone name="InfectedVillageTier1" smin="0" smax="0" dmin="3" dmax="5" x="12078" z="11994" r="50"/>
        <zone name="InfectedVillageTier1" smin="0" smax="0" dmin="3" dmax="5" x="11601.3" z="12490" r="50"/>
        <zone name="InfectedVillageTier1" smin="0" smax="0" dmin="4" dmax="6" x="14161.4" z="13009.1" r="50"/>
        <zone name="InfectedVillageTier1" smin="0" smax="0" dmin="4" dmax="6" x="14085" z="13063.6" r="50"/>
        <zone name="InfectedVillageTier1" smin="0" smax="0" dmin="4" dmax="6" x="6252" z="2914.5" r="60"/>
        <zone name="InfectedVillageTier1" smin="0" smax="0" dmin="4" dmax="6" x="6082.5" z="2982" r="60"/>
        <zone name="InfectedVillageTier1" smin="0" smax="0" dmin="4" dmax="6" x="4568.33" z="2671.67" r="80"/>
        <zone name="InfectedVillageTier1" smin="0" smax="0" dmin="3" dmax="5" x="5190" z="2080" r="50"/>
    </territory>
    <territory color="1794965508">
        <zone name="InfectedPolice" smin="0" smax="0" dmin="2" dmax="4" x="4692" z="9282" r="30"/>
        <zone name="InfectedPolice" smin="0" smax="0" dmin="2" dmax="4" x="5855" z="9773" r="30"/>
        <!-- Pinder -->
        <zone name="InfectedPolice" smin="0" smax="0" dmin="1" dmax="2" x="5284.46" z="7627.1" r="30"/>
    </territory>
    <territory color="1790009876">
        <zone name="InfectedFirefighter" smin="0" smax="0" dmin="2" dmax="4" x="4503" z="9100" r="25"/>
        <zone name="InfectedFirefighter" smin="0" smax="0" dmin="2" dmax="4" x="1553" z="9200" r="25"/>
        <!-- Lone Fire Hall -->
        <zone name="InfectedFirefighter" smin="0" smax="0" dmin="2" dmax="4" x="7687.95" z="8053.6" r="25"/> 
    </territory>
    <territory color="2575065676">
        <zone name="InfectedVillage" smin="0" smax="0" dmin="8" dmax="12" x="6022.53" z="7788.68" r="150"/>
        <zone name="InfectedVillage" smin="0" smax="0" dmin="8" dmax="12" x="7198.67" z="7649.43" r="130"/>
        <zone name="InfectedVillage" smin="0" smax="0" dmin="8" dmax="12" x="3821.74" z="9020.6" r="80"/>
        <zone name="InfectedVillage" smin="0" smax="0" dmin="8" dmax="12" x="5967.79" z="10329.7" r="80"/>
        <zone name="InfectedVillage" smin="0" smax="0" dmin="8" dmax="12" x="2743.59" z="9850.77" r="70"/>
        <zone name="InfectedVillage" smin="0" smax="0" dmin="8" dmax="12" x="2267.03" z="11198.1" r="80"/>
        <zone name="InfectedVillage" smin="0" smax="0" dmin="8" dmax="12" x="1692.59" z="3953.5" r="80"/>
        <zone name="InfectedVillage" smin="0" smax="0" dmin="8" dmax="12" x="5292.43" z="8621.57" r="90"/>
        <zone name="InfectedVillage" smin="0" smax="0" dmin="4" dmax="6" x="3224" z="8108.07" r="70"/>
        <zone name="InfectedVillage" smin="0" smax="0" dmin="8" dmax="12" x="4988.18" z="15122.7" r="80"/>
        <zone name="InfectedVillage" smin="0" smax="0" dmin="8" dmax="12" x="5901.82" z="13551.8" r="80"/>
        <zone name="InfectedVillage" smin="0" smax="0" dmin="8" dmax="12" x="2799" z="12329" r="80"/>
        <zone name="InfectedVillage" smin="0" smax="0" dmin="4" dmax="8" x="6200" z="12685" r="80"/>
        <zone name="InfectedVillage" smin="0" smax="0" dmin="8" dmax="12" x="4972" z="13022.5" r="140"/>
        <zone name="InfectedVillage" smin="0" smax="0" dmin="8" dmax="12" x="6564" z="14454" r="80"/>
        <zone name="InfectedVillage" smin="0" smax="0" dmin="8" dmax="12" x="6745" z="14350" r="80"/>
        <zone name="InfectedVillage" smin="0" smax="0" dmin="8" dmax="12" x="8155.83" z="11563.3" r="110"/>
        <zone name="InfectedVillage" smin="0" smax="0" dmin="8" dmax="12" x="6277" z="7665" r="130"/>
        <zone name="InfectedVillage" smin="0" smax="0" dmin="2" dmax="8" x="8380" z="12770" r="100"/>
        <zone name="InfectedVillage" smin="0" smax="0" dmin="6" dmax="9" x="2435.91" z="6366.82" r="70"/>
        <zone name="InfectedVillage" smin="0" smax="0" dmin="4" dmax="8" x="3040" z="12600" r="80"/>
        <zone name="InfectedVillage" smin="0" smax="0" dmin="4" dmax="8" x="2925" z="12465" r="80"/>
        <zone name="InfectedVillage" smin="0" smax="0" dmin="6" dmax="10" x="1578.67" z="12036.3" r="80"/>
        <zone name="InfectedVillage" smin="0" smax="0" dmin="4" dmax="8" x="3440" z="12710" r="80"/>
        <zone name="InfectedVillage" smin="0" smax="0" dmin="8" dmax="12" x="6951" z="7749.52" r="130"/>
        <zone name="InfectedVillage" smin="0" smax="0" dmin="4" dmax="8" x="8096.19" z="12468.6" r="60"/>
        <zone name="InfectedVillage" smin="0" smax="0" dmin="3" dmax="5" x="1192" z="12032.3" r="60"/>
        <zone name="InfectedVillage" smin="0" smax="0" dmin="8" dmax="12" x="3212.5" z="13715" r="80"/>
        <zone name="InfectedVillage" smin="0" smax="0" dmin="8" dmax="12" x="3430" z="14810" r="90"/>
        <zone name="InfectedVillage" smin="0" smax="0" dmin="8" dmax="12" x="3538" z="14220" r="100"/>
        <zone name="InfectedVillage" smin="0" smax="0" dmin="8" dmax="12" x="4145" z="13135" r="80"/>
        <zone name="InfectedVillage" smin="0" smax="0" dmin="4" dmax="8" x="3680" z="13140" r="80"/>
        <zone name="InfectedVillage" smin="0" smax="0" dmin="8" dmax="12" x="5415" z="12675" r="80"/>
        <zone name="InfectedVillage" smin="0" smax="0" dmin="8" dmax="12" x="5055" z="12780" r="80"/>
        <zone name="InfectedVillage" smin="0" smax="0" dmin="8" dmax="12" x="5640" z="13120" r="80"/>
        <zone name="InfectedVillage" smin="0" smax="0" dmin="8" dmax="12" x="5765" z="15220" r="80"/>
        <zone name="InfectedVillage" smin="0" smax="0" dmin="8" dmax="12" x="5205" z="15075" r="80"/>
        <zone name="InfectedVillage" smin="0" smax="0" dmin="8" dmax="12" x="4835" z="15035" r="80"/>
        <zone name="InfectedVillage" smin="0" smax="0" dmin="8" dmax="12" x="5894.5" z="10132" r="70"/>
        <zone name="InfectedVillage" smin="0" smax="0" dmin="3" dmax="5" x="2558.57" z="11001.6" r="60"/>
        <zone name="InfectedVillage" smin="0" smax="0" dmin="4" dmax="8" x="6380" z="12705" r="80"/>
        <zone name="InfectedVillage" smin="0" smax="0" dmin="8" dmax="12" x="2514" z="9648" r="100"/>
        <zone name="InfectedVillage" smin="0" smax="0" dmin="8" dmax="12" x="3854.17" z="8828.5" r="100"/>
        <zone name="InfectedVillage" smin="0" smax="0" dmin="4" dmax="8" x="3666" z="8571" r="80"/>
        <zone name="InfectedVillage" smin="0" smax="0" dmin="3" dmax="7" x="8232.08" z="12230" r="70"/>
        <zone name="InfectedVillage" smin="0" smax="0" dmin="2" dmax="8" x="7608.75" z="12870" r="80"/>
        <zone name="InfectedVillage" smin="0" smax="0" dmin="4" dmax="8" x="6798.75" z="12570" r="80"/>
        <zone name="InfectedVillage" smin="0" smax="0" dmin="8" dmax="12" x="1370" z="4067.5" r="90"/>
        <zone name="InfectedVillage" smin="0" smax="0" dmin="8" dmax="12" x="729" z="4605" r="90"/>
        <zone name="InfectedVillage" smin="0" smax="0" dmin="8" dmax="12" x="318" z="4608" r="90"/>
        <zone name="InfectedVillage" smin="0" smax="0" dmin="3" dmax="7" x="950.667" z="2045.67" r="60"/>
        <zone name="InfectedVillage" smin="0" smax="0" dmin="3" dmax="6" x="195" z="2385" r="70"/>
        <zone name="InfectedVillage" smin="0" smax="0" dmin="8" dmax="12" x="1225" z="11460" r="70"/>
        <zone name="InfectedVillage" smin="0" smax="0" dmin="8" dmax="12" x="260" z="11876" r="80"/>
        <zone name="InfectedVillage" smin="0" smax="0" dmin="8" dmax="12" x="495" z="11059" r="60"/>
        <zone name="InfectedVillage" smin="0" smax="0" dmin="8" dmax="12" x="582.5" z="11144" r="60"/>
        <zone name="InfectedVillage" smin="0" smax="0" dmin="3" dmax="7" x="853.333" z="1968.33" r="60"/>
        <zone name="InfectedVillage" smin="0" smax="0" dmin="8" dmax="12" x="1659.38" z="3800.63" r="70"/>
        <zone name="InfectedVillage" smin="0" smax="0" dmin="3" dmax="6" x="1711.88" z="3652.5" r="60"/>
        <zone name="InfectedVillage" smin="0" smax="0" dmin="3" dmax="6" x="2585.45" z="6388.64" r="60"/>
        <zone name="InfectedVillage" smin="0" smax="0" dmin="4" dmax="6" x="2418" z="10986" r="70"/>
        <zone name="InfectedVillage" smin="0" smax="0" dmin="4" dmax="6" x="2213" z="11061.2" r="60"/>
        <zone name="InfectedVillage" smin="0" smax="0" dmin="3" dmax="5" x="2274.67" z="10944.3" r="60"/>
        <zone name="InfectedVillage" smin="0" smax="0" dmin="3" dmax="5" x="1320" z="12081.7" r="60"/>
        <zone name="InfectedVillage" smin="0" smax="0" dmin="3" dmax="5" x="1290" z="11956.7" r="60"/>
        <zone name="InfectedVillage" smin="0" smax="0" dmin="3" dmax="5" x="1421.67" z="12000" r="60"/>
        <zone name="InfectedVillage" smin="0" smax="0" dmin="8" dmax="12" x="1338.33" z="11538.3" r="50"/>
        <zone name="InfectedVillage" smin="0" smax="0" dmin="2" dmax="4" x="1791.67" z="11493.3" r="50"/>
        <zone name="InfectedVillage" smin="0" smax="0" dmin="4" dmax="6" x="5412" z="8520" r="60"/>
        <zone name="InfectedVillage" smin="0" smax="0" dmin="4" dmax="8" x="3716.75" z="8924.5" r="60"/>
        <zone name="InfectedVillage" smin="0" smax="0" dmin="6" dmax="10" x="2721" z="10054.5" r="70"/>
        <zone name="InfectedVillage" smin="0" smax="0" dmin="4" dmax="6" x="2664" z="9945" r="50"/>
        <zone name="InfectedVillage" smin="0" smax="0" dmin="4" dmax="6" x="2808" z="9960" r="50"/>
        <zone name="InfectedVillage" smin="0" smax="0" dmin="8" dmax="12" x="6064.5" z="10485" r="70"/>
        <zone name="InfectedVillage" smin="0" smax="0" dmin="4" dmax="6" x="3083.57" z="8085" r="70"/>
        <zone name="InfectedVillage" smin="0" smax="0" dmin="4" dmax="6" x="3154.29" z="7954.29" r="70"/>
        <zone name="InfectedVillage" smin="0" smax="0" dmin="4" dmax="6" x="3004.29" z="7950" r="70"/>
        <zone name="InfectedVillage" smin="0" smax="0" dmin="4" dmax="6" x="3085.71" z="7823.57" r="70"/>
        <zone name="InfectedVillage" smin="0" smax="0" dmin="4" dmax="6" x="2965.71" z="7731.43" r="70"/>
        <zone name="InfectedVillage" smin="0" smax="0" dmin="4" dmax="6" x="1946.25" z="7389.38" r="70"/>
        <zone name="InfectedVillage" smin="0" smax="0" dmin="4" dmax="6" x="1974.38" z="7222.5" r="50"/>
        <zone name="InfectedVillage" smin="0" smax="0" dmin="4" dmax="6" x="2055" z="7310.63" r="50"/>
    </territory>
    <territory color="2387830984">
        <zone name="InfectedMedic" smin="0" smax="0" dmin="2" dmax="4" x="4116" z="9262" r="30"/>
        <zone name="InfectedMedic" smin="0" smax="0" dmin="2" dmax="4" x="4481" z="9115" r="30"/>
        <zone name="InfectedMedic" smin="0" smax="0" dmin="2" dmax="4" x="4138" z="9035" r="30"/>
    </territory>
    <territory color="">
    <!-- Military M.I.C Airfield  -->
        <zone name="InfectedArmy" smin="0" smax="0" dmin="3" dmax="5" x="1650" z="8873" r="50"/>
        <zone name="InfectedArmy" smin="0" smax="0" dmin="3" dmax="5" x="1639" z="9026" r="40"/>
        <zone name="InfectedArmy" smin="0" smax="0" dmin="3" dmax="5" x="1440" z="9317" r="40"/>
        <zone name="InfectedArmy" smin="0" smax="0" dmin="3" dmax="5" x="1300" z="9306" r="40"/>
        <zone name="InfectedArmy" smin="0" smax="0" dmin="3" dmax="5" x="1440" z="8855" r="40"/>
    <!-- Construction Site  -->     
        <zone name="InfectedArmy" smin="0" smax="0" dmin="3" dmax="5" x="1671.12" z="8757.48" r="50"/>
    <!-- Hospital  -->     
        <zone name="InfectedMedic" smin="0" smax="0" dmin="3" dmax="5" x="1407.13" z="9027.83" r="60"/>
    <!-- Behind Big Barracks  -->     
        <zone name="InfectedArmy" smin="0" smax="0" dmin="3" dmax="5" x="1393.96" z="9220.31" r="80"/>
    <!-- Little Barracks  -->     
        <zone name="InfectedArmy" smin="0" smax="0" dmin="3" dmax="5" x="1397.98" z="9406.62" r="50"/>
    <!-- North of A.T.C Buildings  -->     
        <zone name="InfectedArmy" smin="0" smax="0" dmin="3" dmax="5" x="1611.52" z="9462.9" r="50"/>
    <!-- Tents Behind A.T.C Buildings  -->     
        <zone name="InfectedArmy" smin="0" smax="0" dmin="3" dmax="5" x="1713.52" z="9274.95" r="60"/>
    <!-- Railway Crossing Between City and M.I.C  -->     
        <zone name="InfectedArmy" smin="0" smax="0" dmin="3" dmax="5" x="2860.04" z="8577.4" r="80"/>
    <!-- RANDOM  -->
        <zone name="InfectedArmy" smin="0" smax="0" dmin="3" dmax="4" x="1626.31" z="9573.34" r="50"/>
        <zone name="InfectedArmy" smin="0" smax="0" dmin="3" dmax="4" x="1532.27" z="9403.73" r="60"/>
    <!-- Arkaley  -->     
        <zone name="InfectedArmy" smin="0" smax="0" dmin="3" dmax="4" x="5090.94" z="6494.79" r="50"/>
    <!-- Military North of Pinder  -->     
        <zone name="InfectedArmy" smin="0" smax="0" dmin="3" dmax="4" x="5077.21" z="8171.19" r="50"/>
    <!-- Military Sativa  -->     
        <zone name="InfectedArmy" smin="0" smax="0" dmin="3" dmax="4" x="7415.52" z="6775.8" r="50"/>
    <!-- Zone 18  -->     
        <zone name="InfectedArmy" smin="0" smax="0" dmin="3" dmax="5" x="6659.29" z="10007.8" r="50"/>
    </territory>
    <territory color="1289674462">
        <zone name="InfectedPrisoner" smin="0" smax="0" dmin="8" dmax="12" x="2601.31" z="1317.64" r="70"/>
        <zone name="InfectedPrisoner" smin="0" smax="0" dmin="8" dmax="12" x="2776.25" z="1252.5" r="70"/>
    </territory>
    <territory color="3014176010">
        <!-- Witsend -->
        <zone name="InfectedCity" smin="0" smax="0" dmin="3" dmax="4" x="3981.1" z="7022.06" r="50"/>
        <zone name="InfectedCity" smin="0" smax="0" dmin="3" dmax="4" x="3979.86" z="7209.47" r="40"/>
        <!-- Survivor Settlement -->
        <zone name="InfectedCity" smin="0" smax="0" dmin="2" dmax="3" x="6257.56" z="7825.13" r="40"/>
        <!-- Sativa -->
        <zone name="InfectedCity" smin="0" smax="0" dmin="3" dmax="4" x="7355.33" z="7001.67" r="40"/>
        <!-- Homestead -->
        <zone name="InfectedCity" smin="0" smax="0" dmin="2" dmax="3" x="7820.93" z="7277.54" r="40"/>
        <zone name="InfectedCity" smin="0" smax="0" dmin="1" dmax="3" x="7798.63" z="7449.06" r="40"/>
        <!-- Overgrown Cabins -->
        <zone name="InfectedCity" smin="0" smax="0" dmin="4" dmax="6" x="7265.76" z="8097.96" r="70"/>
        <!-- Harmony -->
        <zone name="InfectedCity" smin="0" smax="0" dmin="3" dmax="6" x="7961.23" z="8146.7" r="55"/>
        <!-- Badger -->
        <zone name="InfectedCity" smin="0" smax="0" dmin="3" dmax="4" x="9562.91" z="8375.64" r="60"/>
        <!-- Freshie Farm -->
        <zone name="InfectedCity" smin="0" smax="0" dmin="1" dmax="2" x="9450.52" z="8326.73" r="40"/>
        <!-- Indica -->
        <zone name="InfectedCity" smin="0" smax="0" dmin="3" dmax="4" x="8525.63" z="9358.21" r="50"/>
        <zone name="InfectedCity" smin="0" smax="0" dmin="2" dmax="3" x="8661.83" z="9459.88" r="50"/>
        <!-- Roachburn -->
        <zone name="InfectedCity" smin="0" smax="0" dmin="2" dmax="4" x="7736.49" z="10000.2" r="50"/>
        <!-- Lil Farm -->
        <zone name="InfectedCity" smin="0" smax="0" dmin="3" dmax="4" x="7140.02" z="9751.01" r="40"/>
        <!-- Boon -->
        <zone name="InfectedCity" smin="0" smax="0" dmin="3" dmax="5" x="5868.21" z="9759.34" r="50"/>
        <!-- TeenyTown -->
        <zone name="InfectedCityOMG" smin="0" smax="0" dmin="3" dmax="4" x="5863.13" z="8987.75" r="50"/>
        <!-- Greenville -->
        <zone name="InfectedCity" smin="0" smax="0" dmin="3" dmax="4" x="6719.77" z="8564.83" r="50"/>

        <zone name="InfectedCity" smin="0" smax="0" dmin="3" dmax="5" x="4544" z="9030" r="60"/>
        <zone name="InfectedCity" smin="0" smax="0" dmin="3" dmax="5" x="4398" z="9030" r="50"/>
        <zone name="InfectedCity" smin="0" smax="0" dmin="3" dmax="5" x="4280" z="9280" r="50"/>
        <zone name="InfectedCity" smin="0" smax="0" dmin="3" dmax="5" x="4270" z="9180" r="40"/>
        <zone name="InfectedCity" smin="0" smax="0" dmin="3" dmax="5" x="4070" z="9090" r="40"/>
        <zone name="InfectedCity" smin="0" smax="0" dmin="3" dmax="5" x="4435" z="9370" r="40"/>
        <zone name="InfectedCity" smin="0" smax="0" dmin="3" dmax="5" x="4385" z="9440" r="30"/>
        <zone name="InfectedCity" smin="0" smax="0" dmin="3" dmax="5" x="4405" z="9280" r="30"/>

        <zone name="InfectedCity" smin="0" smax="0" dmin="3" dmax="5" x="5956" z="9765" r="30"/>
        <zone name="InfectedCity" smin="0" smax="0" dmin="3" dmax="5" x="5754" z="9732" r="40"/>

        <!-- Park Infected -->
        <zone name="InfectedCity" smin="0" smax="0" dmin="3" dmax="5" x="4591" z="9407" r="30"/>
        <!-- Projects Infected -->
        <zone name="InfectedCity" smin="0" smax="0" dmin="3" dmax="5" x="4783" z="9404" r="40"/>
        <!-- Waterfront Picknick Tables -->
        <zone name="InfectedCity" smin="0" smax="0" dmin="3" dmax="4" x="4480.33" z="9468.19" r="30"/>
        <zone name="InfectedCity" smin="0" smax="0" dmin="2" dmax="3" x="4346.43" z="9335.27" r="30"/>
        <zone name="InfectedCity" smin="0" smax="0" dmin="3" dmax="4" x="4275.29" z="9176.49" r="30"/>
        <zone name="InfectedCity" smin="0" smax="0" dmin="2" dmax="3" x="4018" z="9331.61" r="30"/>
        <zone name="InfectedCity" smin="0" smax="0" dmin="3" dmax="4" x="4276.24" z="9308.45" r="30"/>
        <zone name="InfectedCity" smin="0" smax="0" dmin="2" dmax="4" x="4208.78" z="9456.44" r="30"/>
        <zone name="InfectedCity" smin="0" smax="0" dmin="1" dmax="3" x="3964.07" z="9362.76" r="30"/>
        <!-- Arkaley  -->
        <zone name="InfectedCity" smin="0" smax="0" dmin="3" dmax="4" x="4880.73" z="6470.26" r="50"/>
        <!-- Pinder -->
        <zone name="InfectedCity" smin="0" smax="0" dmin="4" dmax="6" x="5229.21" z="7678.796" r="50"/>
        <!-- Wolves Pass -->
        <zone name="InfectedCity" smin="0" smax="0" dmin="4" dmax="6" x="6715.66" z="7370.67" r="50"/>
    </territory>
    <territory color="3432609885">
        <zone name="InfectedVillage" smin="0" smax="0" dmin="8" dmax="12" x="1965" z="2241.67" r="60"/>
        <zone name="InfectedVillage" smin="0" smax="0" dmin="8" dmax="12" x="1698" z="2202.67" r="70"/>
        <zone name="InfectedVillage" smin="0" smax="0" dmin="8" dmax="12" x="3605.76" z="2474.04" r="100"/>
        <zone name="InfectedVillage" smin="0" smax="0" dmin="8" dmax="12" x="5878" z="4865" r="80"/>
        <zone name="InfectedVillage" smin="0" smax="0" dmin="8" dmax="12" x="5880" z="4655" r="80"/>
        <zone name="InfectedVillage" smin="0" smax="0" dmin="4" dmax="6" x="5853.5" z="3949" r="60"/>
        <zone name="InfectedVillage" smin="0" smax="0" dmin="8" dmax="12" x="3349.54" z="4931.32" r="80"/>
        <zone name="InfectedVillage" smin="0" smax="0" dmin="8" dmax="12" x="4396.25" z="3932.5" r="100"/>
        <zone name="InfectedVillage" smin="0" smax="0" dmin="10" dmax="14" x="4400.07" z="4658.57" r="100"/>
        <zone name="InfectedVillage" smin="0" smax="0" dmin="4" dmax="7" x="3218.7" z="4010.75" r="60"/>
        <zone name="InfectedVillage" smin="0" smax="0" dmin="8" dmax="12" x="4700" z="6335" r="80"/>
        <zone name="InfectedVillage" smin="0" smax="0" dmin="8" dmax="12" x="6571.55" z="6059.82" r="80"/>
        <zone name="InfectedVillage" smin="0" smax="0" dmin="8" dmax="12" x="6478.82" z="6181.18" r="80"/>
        <zone name="InfectedVillage" smin="0" smax="0" dmin="8" dmax="12" x="4461.82" z="6414.04" r="120"/>
        <zone name="InfectedVillage" smin="0" smax="0" dmin="8" dmax="12" x="4789.82" z="6632.18" r="100"/>
        <zone name="InfectedVillage" smin="0" smax="0" dmin="6" dmax="12" x="4856.59" z="5704.12" r="70"/>
        <zone name="InfectedVillage" smin="0" smax="0" dmin="8" dmax="12" x="4715.39" z="6831.75" r="100"/>
        <zone name="InfectedVillage" smin="0" smax="0" dmin="8" dmax="12" x="8430" z="6630" r="120"/>
        <zone name="InfectedVillage" smin="0" smax="0" dmin="3" dmax="5" x="7781.88" z="5132.75" r="50"/>
        <zone name="InfectedVillage" smin="0" smax="0" dmin="4" dmax="8" x="11425" z="5525" r="80"/>
        <zone name="InfectedVillage" smin="0" smax="0" dmin="6" dmax="9" x="9933.87" z="5438.73" r="80"/>
        <zone name="InfectedVillage" smin="0" smax="0" dmin="8" dmax="12" x="10131.2" z="5461.25" r="100"/>
        <zone name="InfectedVillage" smin="0" smax="0" dmin="4" dmax="8" x="10301.2" z="5531.25" r="80"/>
        <zone name="InfectedVillage" smin="0" smax="0" dmin="8" dmax="12" x="11256.2" z="5446.25" r="80"/>
        <zone name="InfectedVillage" smin="0" smax="0" dmin="8" dmax="12" x="9632.34" z="6542.11" r="120"/>
        <zone name="InfectedVillage" smin="0" smax="0" dmin="4" dmax="6" x="10053.3" z="10371.7" r="60"/>
        <zone name="InfectedVillage" smin="0" smax="0" dmin="2" dmax="6" x="10435.2" z="8850.36" r="80"/>
        <zone name="InfectedVillage" smin="0" smax="0" dmin="6" dmax="8" x="9698.63" z="8898.09" r="80"/>
        <zone name="InfectedVillage" smin="0" smax="0" dmin="8" dmax="12" x="10271.7" z="9526.67" r="80"/>
        <zone name="InfectedVillage" smin="0" smax="0" dmin="8" dmax="12" x="10442.9" z="9846.67" r="80"/>
        <zone name="InfectedVillage" smin="0" smax="0" dmin="4" dmax="6" x="9303.29" z="8846.36" r="60"/>
        <zone name="InfectedVillage" smin="0" smax="0" dmin="8" dmax="12" x="9663.33" z="10438.3" r="80"/>
        <zone name="InfectedVillage" smin="0" smax="0" dmin="8" dmax="12" x="10720" z="8130" r="100"/>
        <zone name="InfectedVillage" smin="0" smax="0" dmin="8" dmax="12" x="10635" z="7955" r="100"/>
        <zone name="InfectedVillage" smin="0" smax="0" dmin="8" dmax="12" x="10553.3" z="9696.67" r="80"/>
        <zone name="InfectedVillage" smin="0" smax="0" dmin="6" dmax="8" x="11158.8" z="12095" r="50"/>
        <zone name="InfectedVillage" smin="0" smax="0" dmin="4" dmax="6" x="10786.9" z="12485.1" r="50"/>
        <zone name="InfectedVillage" smin="0" smax="0" dmin="5" dmax="8" x="8657.5" z="11867.5" r="80"/>
        <zone name="InfectedVillage" smin="0" smax="0" dmin="8" dmax="12" x="8801.25" z="11633.8" r="120"/>
        <zone name="InfectedVillage" smin="0" smax="0" dmin="8" dmax="12" x="8470" z="12045" r="70"/>
        <zone name="InfectedVillage" smin="0" smax="0" dmin="8" dmax="12" x="7650" z="13305" r="100"/>
        <zone name="InfectedVillage" smin="0" smax="0" dmin="4" dmax="8" x="7998.21" z="13062.9" r="60"/>
        <zone name="InfectedVillage" smin="0" smax="0" dmin="8" dmax="12" x="7481.25" z="13777.6" r="100"/>
        <zone name="InfectedVillage" smin="0" smax="0" dmin="4" dmax="8" x="7527.5" z="13508.8" r="80"/>
        <zone name="InfectedVillage" smin="0" smax="0" dmin="4" dmax="6" x="9435.71" z="14715.4" r="60"/>
        <zone name="InfectedVillage" smin="0" smax="0" dmin="8" dmax="12" x="9268.75" z="13620" r="80"/>
        <zone name="InfectedVillage" smin="0" smax="0" dmin="8" dmax="12" x="8508.75" z="13970" r="80"/>
        <zone name="InfectedVillage" smin="0" smax="0" dmin="4" dmax="6" x="9461.25" z="13815" r="70"/>
        <zone name="InfectedVillage" smin="0" smax="0" dmin="4" dmax="6" x="12138.3" z="13523.3" r="70"/>
        <zone name="InfectedVillage" smin="0" smax="0" dmin="4" dmax="6" x="11236.8" z="14354.7" r="60"/>
        <zone name="InfectedVillage" smin="0" smax="0" dmin="2" dmax="6" x="11055" z="15744" r="100"/>
        <zone name="InfectedVillage" smin="0" smax="0" dmin="2" dmax="6" x="11250" z="15927" r="90"/>
        <zone name="InfectedVillage" smin="0" smax="0" dmin="3" dmax="5" x="10851.5" z="14477.5" r="50"/>
        <zone name="InfectedVillage" smin="0" smax="0" dmin="4" dmax="6" x="11636.7" z="14107.5" r="70"/>
        <zone name="InfectedVillage" smin="0" smax="0" dmin="4" dmax="6" x="11477.8" z="14273.2" r="80"/>
        <zone name="InfectedVillage" smin="0" smax="0" dmin="4" dmax="6" x="11400" z="14930" r="70"/>
        <zone name="InfectedVillage" smin="0" smax="0" dmin="4" dmax="6" x="11655" z="15087.5" r="60"/>
        <zone name="InfectedVillage" smin="0" smax="0" dmin="8" dmax="12" x="1833.33" z="2243.33" r="70"/>
        <zone name="InfectedVillage" smin="0" smax="0" dmin="8" dmax="12" x="1738.33" z="2336.67" r="60"/>
        <zone name="InfectedVillage" smin="0" smax="0" dmin="4" dmax="7" x="3358.64" z="3947.73" r="80"/>
        <zone name="InfectedVillage" smin="0" smax="0" dmin="6" dmax="12" x="4958.18" z="5607.27" r="70"/>
        <zone name="InfectedVillage" smin="0" smax="0" dmin="4" dmax="6" x="8412.5" z="12207.5" r="60"/>
        <zone name="InfectedVillage" smin="0" smax="0" dmin="4" dmax="6" x="9440" z="8653.75" r="60"/>
        <zone name="InfectedVillage" smin="0" smax="0" dmin="4" dmax="6" x="9462.5" z="8890" r="60"/>
        <zone name="InfectedVillage" smin="0" smax="0" dmin="4" dmax="6" x="9573.75" z="8860" r="60"/>
        <zone name="InfectedVillage" smin="0" smax="0" dmin="4" dmax="6" x="9452.5" z="8772.5" r="60"/>
        <zone name="InfectedVillage" smin="0" smax="0" dmin="8" dmax="12" x="10605" z="9916.67" r="80"/>
        <zone name="InfectedVillage" smin="0" smax="0" dmin="4" dmax="6" x="10225" z="9830" r="60"/>
        <zone name="InfectedVillage" smin="0" smax="0" dmin="4" dmax="6" x="9930" z="10373.3" r="60"/>
        <zone name="InfectedVillage" smin="0" smax="0" dmin="3" dmax="5" x="7679.15" z="5158.47" r="50"/>
        <zone name="InfectedVillage" smin="0" smax="0" dmin="3" dmax="5" x="7486.88" z="5002.5" r="50"/>
        <zone name="InfectedVillage" smin="0" smax="0" dmin="3" dmax="5" x="7571.76" z="5225.11" r="60"/>
        <zone name="InfectedVillage" smin="0" smax="0" dmin="3" dmax="5" x="7487.73" z="5130" r="60"/>
        <zone name="InfectedVillage" smin="0" smax="0" dmin="3" dmax="5" x="7596.82" z="5089.09" r="50"/>
        <zone name="InfectedVillage" smin="0" smax="0" dmin="3" dmax="5" x="7482.27" z="4731.82" r="50"/>
        <zone name="InfectedVillage" smin="0" smax="0" dmin="2" dmax="5" x="8101.07" z="12951.4" r="50"/>
        <zone name="InfectedVillage" smin="0" smax="0" dmin="2" dmax="5" x="8391.43" z="13008.2" r="50"/>
        <zone name="InfectedVillage" smin="0" smax="0" dmin="2" dmax="5" x="8266.07" z="13121.8" r="50"/>
        <zone name="InfectedVillage" smin="0" smax="0" dmin="2" dmax="5" x="7867.5" z="13010.4" r="60"/>
        <zone name="InfectedVillage" smin="0" smax="0" dmin="2" dmax="5" x="7428.21" z="13283.6" r="60"/>
        <zone name="InfectedVillage" smin="0" smax="0" dmin="2" dmax="5" x="7520.36" z="12622.5" r="50"/>
        <zone name="InfectedVillage" smin="0" smax="0" dmin="2" dmax="5" x="7658.57" z="12462.9" r="50"/>
        <zone name="InfectedVillage" smin="0" smax="0" dmin="2" dmax="5" x="7758.21" z="12436.1" r="50"/>
        <zone name="InfectedVillage" smin="0" smax="0" dmin="4" dmax="6" x="9461.79" z="14587.5" r="60"/>
        <zone name="InfectedVillage" smin="0" smax="0" dmin="4" dmax="6" x="9323.57" z="14590.7" r="70"/>
        <zone name="InfectedVillage" smin="0" smax="0" dmin="4" dmax="6" x="9170.36" z="14554.3" r="50"/>
        <zone name="InfectedVillage" smin="0" smax="0" dmin="4" dmax="6" x="9112.5" z="14460" r="50"/>
        <zone name="InfectedVillage" smin="0" smax="0" dmin="4" dmax="6" x="9600" z="14742.9" r="50"/>
        <zone name="InfectedVillage" smin="0" smax="0" dmin="4" dmax="6" x="9477.5" z="13670" r="70"/>
        <zone name="InfectedVillage" smin="0" smax="0" dmin="4" dmax="6" x="9350" z="13735" r="60"/>
        <zone name="InfectedVillage" smin="0" smax="0" dmin="4" dmax="6" x="9321.25" z="13890" r="60"/>
        <zone name="InfectedVillage" smin="0" smax="0" dmin="4" dmax="6" x="11358.3" z="14366.7" r="60"/>
        <zone name="InfectedVillage" smin="0" smax="0" dmin="3" dmax="5" x="11499" z="14856" r="50"/>
        <zone name="InfectedVillage" smin="0" smax="0" dmin="4" dmax="6" x="10830" z="14346" r="70"/>
        <zone name="InfectedVillage" smin="0" smax="0" dmin="3" dmax="5" x="10710" z="14391" r="50"/>
        <zone name="InfectedVillage" smin="0" smax="0" dmin="3" dmax="5" x="10564.5" z="14416.5" r="50"/>
        <zone name="InfectedVillage" smin="0" smax="0" dmin="3" dmax="5" x="10752" z="14509.5" r="50"/>
        <zone name="InfectedVillage" smin="0" smax="0" dmin="3" dmax="5" x="10647" z="14481" r="50"/>
        <zone name="InfectedVillage" smin="0" smax="0" dmin="3" dmax="5" x="11818.3" z="13893.3" r="50"/>
        <zone name="InfectedVillage" smin="0" smax="0" dmin="3" dmax="5" x="11985" z="13975" r="50"/>
        <zone name="InfectedVillage" smin="0" smax="0" dmin="3" dmax="5" x="11926.7" z="13883.3" r="50"/>
        <zone name="InfectedVillage" smin="0" smax="0" dmin="3" dmax="5" x="12033.3" z="13856.7" r="50"/>
        <zone name="InfectedVillage" smin="0" smax="0" dmin="4" dmax="6" x="10851" z="12399" r="50"/>
        <zone name="InfectedVillage" smin="0" smax="0" dmin="4" dmax="6" x="11122.5" z="12297.5" r="50"/>
        <zone name="InfectedVillage" smin="0" smax="0" dmin="3" dmax="5" x="11100" z="12186.3" r="50"/>
        <zone name="InfectedVillage" smin="0" smax="0" dmin="6" dmax="8" x="11358.8" z="12541.3" r="50"/>
        <zone name="InfectedVillage" smin="0" smax="0" dmin="4" dmax="6" x="5806.5" z="4069.5" r="60"/>
    </territory>
</territory-type>
