<?xml version="1.0" encoding="UTF-8"?>
<territory-type>

    <territory color="2610838961">
        <zone name="InfectedArmy" smin="0" smax="0" dmin="8" dmax="15" x="6285.85" z="2824.19" r="35"/>
    </territory>

    <territory color="3870921329">
        <zone name="InfectedArmyBr3nt" smin="0" smax="0" dmin="1" dmax="2" x="4459.38" z="5417.85" r="10"/>

    </territory>

    <territory color="1794965508">
        <!--         POLICE/ POLICE HARD           -->
<!--   BAILEY   -->
  <zone name="InfectedPolice" smin="0" smax="0" dmin="3" dmax="4" x="9804.63" z="597.16" r="20"/>
  <zone name="InfectedPoliceHard" smin="0" smax="0" dmin="1" dmax="1" x="9780.83" z="590.85" r="20"/>

  <!-- BARRINGTON    -->
  <zone name="InfectedPolice" smin="0" smax="0" dmin="2" dmax="3" x="4703.18" z="9270.22" r="25"/>
  <zone name="InfectedPoliceHard" smin="0" smax="0" dmin="1" dmax="1" x="4711.67" z="9285.48" r="20"/>
  <zone name="InfectedPolice" smin="0" smax="0" dmin="2" dmax="3" x="3955.34" z="9529.45" r="20"/>
  <zone name="InfectedPoliceHard" smin="0" smax="0" dmin="1" dmax="1" x="3968.75" z="9524.98" r="20"/>
  <zone name="InfectedPolice" smin="0" smax="0" dmin="1" dmax="2" x="4608.07" z="9482.16" r="25"/>
        <!--   HARMONY          -->
        <zone name="InfectedPolice" smin="0" smax="0" dmin="2" dmax="3" x="7960.42" z="8164.26" r="35"/>
        <zone name="InfectedPoliceHard" smin="0" smax="0" dmin="1" dmax="1" x="7960.83" z="8147.13" r="35"/>
        <!--     HARTE        -->
        <zone name="InfectedPolice" smin="0" smax="0" dmin="2" dmax="3" x="9057.04" z="5889.95" r="35"/>
        <zone name="InfectedPoliceHard" smin="0" smax="0" dmin="1" dmax="1" x="9068.40" z="5866.35" r="30"/>
        <!--    OLIVER      -->
        <zone name="InfectedPolice" smin="0" smax="0" dmin="2" dmax="3" x="5296.94" z="7619.02" r="30"/>
        <zone name="InfectedPolice" smin="0" smax="0" dmin="1" dmax="2" x="6979.19" z="4330.52" r="35"/> 
        <zone name="InfectedPoliceHard" smin="0" smax="0" dmin="1" dmax="1" x="5290.38" z="7620.23" r="30"/>
        <!--    PINDER      -->
        <zone name="InfectedPolice" smin="0" smax="0" dmin="2" dmax="3" x="5296.94" z="7619.02" r="30"/>
        <zone name="InfectedPoliceHard" smin="0" smax="0" dmin="1" dmax="1" x="5290.38" z="7620.23" r="30"/>
        <!--   PORT LEYMONT      -->
        <zone name="InfectedPolice" smin="0" smax="0" dmin="2" dmax="3" x="388.71" z="6674.61" r="35"/>
        <zone name="InfectedPoliceHard" smin="0" smax="0" dmin="1" dmax="1" x="412.39" z="6664.55" r="20"/>
        <zone name="InfectedPolice" smin="0" smax="0" dmin="2" dmax="3" x="5853.05" z="9764.36" r="35"/>
        <zone name="InfectedPoliceHard" smin="0" smax="0" dmin="1" dmax="1" x="5843.42" z="9752.66" r="30"/>
        <!--  ROACHBURN       -->
        <zone name="InfectedPolice" smin="0" smax="0" dmin="2" dmax="3" x="7728.01" z="9958.75" r="35"/>
        <zone name="InfectedPoliceHard" smin="0" smax="0" dmin="1" dmax="1" x="7726.22" z="9970.97" r="30"/>
        <!--    SATIVA      -->
        <zone name="InfectedPolice" smin="0" smax="0" dmin="1" dmax="2" x="7342.65" z="6981.40" r="25"/>
        <zone name="InfectedPoliceHard" smin="0" smax="0" dmin="1" dmax="1" x="7345.56" z="6979.11" r="20"/>
        <!--    BAKELAND      -->
        <zone name="InfectedPolice" smin="0" smax="0" dmin="2" dmax="3" x="4304.37" z="1342.46" r="25"/>
        <zone name="InfectedPoliceHard" smin="0" smax="0" dmin="1" dmax="1" x="4319.73" z="1351.90" r="20"/>
        <zone name="InfectedPolice" smin="0" smax="0" dmin="2" dmax="3" x="4457.76" z="1232.04" r="25"/>
        <zone name="InfectedPoliceHard" smin="0" smax="0" dmin="1" dmax="1" x="4452.48" z="1230.97" r="30"/>
        <!-- WOLVES PASS   -->
        <zone name="InfectedPolice" smin="0" smax="0" dmin="1" dmax="2" x="6644.24" z="7404.04" r="35"/>
        <!--         ARKALEY          -->
        <zone name="InfectedPolice" smin="0" smax="0" dmin="2" dmax="3" x="5000.35" z="6517.97" r="25"/>
        <zone name="InfectedPoliceHard" smin="0" smax="0" dmin="1" dmax="1" x="4995.10" z="6504.81" r="30"/>	
        <!--   WITSEND      -->
        <zone name="InfectedPolice" smin="0" smax="0" dmin="2" dmax="3" x="3865.50" z="6990.79" r="30"/>
        <zone name="InfectedPoliceHard" smin="0" smax="0" dmin="1" dmax="1" x="3896.69" z="6975.51" r="20"/>
        <!--   WEST HYDESWOR  -->
        <zone name="InfectedPolice" smin="0" smax="0" dmin="2" dmax="3" x="856.46" z="7051.38" r="25"/>
        <zone name="InfectedPoliceHard" smin="0" smax="0" dmin="1" dmax="1" x="863.21" z="7074.49" r="20"/>
        <!--   WARNEFORD  -->
        <zone name="InfectedPolice" smin="0" smax="0" dmin="2" dmax="3" x="9126.17" z="4022.44" r="35"/>
        <zone name="InfectedPoliceHard" smin="0" smax="0" dmin="1" dmax="1" x="9123.05" z="4018.33" r="25"/>
</territory>


<territory color="1790009876">
        <!--         FIREFIGHTERS            -->	
        <!-- Lone Fire Hall -->
        <zone name="InfectedFirefighter" smin="0" smax="0" dmin="4" dmax="6" x="7687.95" z="8053.6" r="50"/>
        <!--    OLIVER      -->
        <zone name="InfectedFireFighter" smin="0" smax="0" dmin="2" dmax="4" x="6485.83" z="4544.48" r="20"/>
        <!--    PINDER      -->
        <zone name="InfectedFireFighter" smin="0" smax="0" dmin="2" dmax="4" x="5190.96" z="7729.40" r="20"/>
        <!--   BAKELAND     -->
        <zone name="InfectedFireFighter" smin="0" smax="0" dmin="2" dmax="4" x="4369.92" z="1301.41" r="20"/>
        <!--   WOLVES PASS   -->
        <zone name="InfectedFireFighter" smin="0" smax="0" dmin="2" dmax="3" x="6717.84" z="7378.12" r="30"/>
        <!--   WITSEND      -->
        <zone name="InfectedFireFighter" smin="0" smax="0" dmin="2" dmax="3" x="3982.84" z="7011.77" r="20"/>
        <!--  M.I.C     -->
        <zone name="InfectedFireFighter" smin="0" smax="0" dmin="2" dmax="4" x="1563.14" z="9250.91" r="35"/>
 <!-- BARRINGTON -->
 <zone name="InfectedFirefighter" smin="0" smax="0" dmin="2" dmax="3" x="4497.26" z="9102.42" r="25"/>
</territory>


<territory color="2387830984">
        <!--         MEDIC            -->

<!--   BAILEY     -->
<zone name="InfectedMedic" smin="0" smax="0" dmin="3" dmax="4" x="9799.90" z="532.17" r="20"/> 

        <!--   HARMONY          -->
        <zone name="InfectedMedic" smin="0" smax="0" dmin="2" dmax="3" x="7965.38" z="8097.28" r="25"/>
        <!--     HARTE        -->
        <zone name="InfectedMedic" smin="0" smax="0" dmin="2" dmax="4" x="9092.32" z="5805.43" r="30"/>
        <!--    OLIVER      -->
        <zone name="InfectedMedic" smin="0" smax="0" dmin="3" dmax="4" x="6386.03" z="4287.40" r="25"/>
        <!--    PINDER      -->
        <zone name="InfectedMedic" smin="0" smax="0" dmin="3" dmax="4" x="5246.16" z="7643.47" r="25"/>
        <!--   RESEARCH FACILITY
        <zone name="InfectedMedic" smin="0" smax="0" dmin="3" dmax="5" x="6530.13" z="2918.54" r="20"/>
        <zone name="InfectedMedic" smin="0" smax="0" dmin="3" dmax="5" x="6617.03" z="2892.85" r="20"/>
        <zone name="InfectedMedic" smin="0" smax="0" dmin="3" dmax="5" x="6586.74" z="2819.25" r="20"/>  -->
        <!--  ROACHBURN     -->
        <zone name="InfectedMedic" smin="0" smax="0" dmin="3" dmax="4" x="7694.01" z="9868.05" r="25"/>
        <!--    SATIVA      -->
        <zone name="InfectedMedic" smin="0" smax="0" dmin="3" dmax="4" x="7354.56" z="6920.71" r="25"/>
        <!--   BAKELAND    -->
        <zone name="InfectedMedic" smin="0" smax="0" dmin="3" dmax="5" x="4594.81" z="1389.67" r="30"/>
        <!--   WITSEND      -->
        <zone name="InfectedMedic" smin="0" smax="0" dmin="2" dmax="3" x="3984.33" z="7060.68" r="20"/>
        <!--   WEST HYDESWOR  -->
        <zone name="InfectedMedic" smin="0" smax="0" dmin="3" dmax="4" x="942.62" z="7079.01" r="20"/>
        <!--  M.I.C    -->
        <zone name="InfectedMedic" smin="0" smax="0" dmin="4" dmax="6" x="1406.67" z="9036.94" r="45"/>
  <!-- BARRINGTON     -->
  <zone name="InfectedMedic" smin="0" smax="0" dmin="3" dmax="4" x="4495.09" z="9136.90" r="25"/>
  <zone name="InfectedMedic" smin="0" smax="0" dmin="3" dmax="4" x="4109.28" z="9263.57" r="25"/>
        <!--   WARNEFORD  -->
  <zone name="InfectedMedic" smin="0" smax="0" dmin="3" dmax="4" x="9204.69" z="4027.53" r="35"/>

 </territory>


 <territory color="">
        <!--         ARMY            -->

<!-- BAILEY MIL OUTPOST A    -->
<zone name="InfectedArmyHard" smin="0" smax="0" dmin="1" dmax="1" x="9983.71" z="487.48" r="10"/>    
<zone name="InfectedArmy" smin="0" smax="0" dmin="4" dmax="5" x="10004.03" z="494.71" r="20"/>
<!-- BAILEY MIL OUTPOST B    -->
<zone name="InfectedArmyHard" smin="0" smax="0" dmin="1" dmax="1" x="9979.19" z="813.35" r="10"/>    
<zone name="InfectedArmy" smin="0" smax="0" dmin="4" dmax="5" x="9956.81" z="783.95" r="20"/>

       <!--    PINDER         -->
       <zone name="InfectedArmyHard" smin="0" smax="0" dmin="1" dmax="1" x="5072.97" z="8122.96" r="20"/>    
       <zone name="InfectedArmy" smin="0" smax="0" dmin="2" dmax="4" x="5071.11" z="8174.91" r="20"/>
       <zone name="InfectedArmy" smin="0" smax="0" dmin="3" dmax="5" x="5163.76" z="8171.65" r="30"/>
       <zone name="InfectedArmy" smin="0" smax="0" dmin="3" dmax="5" x="5023.81" z="8097.22" r="35"/>
        <!--   RESEARCH FACILITY
        <zone name="InfectedArmy" smin="0" smax="0" dmin="2" dmax="3" x="6185.28" z="2939.19" r="30"/>
        <zone name="InfectedArmy" smin="0" smax="0" dmin="2" dmax="5" x="6507.41" z="2917.84" r="30"/>
        <zone name="InfectedArmy" smin="0" smax="0" dmin="2" dmax="3" x="6557.74" z="2853.95" r="30"/>
        <zone name="InfectedArmy" smin="0" smax="0" dmin="2" dmax="5" x="6571.00" z="2963.68" r="30"/>
        <zone name="InfectedArmy" smin="0" smax="0" dmin="3" dmax="5" x="6640.96" z="2943.50" r="30"/>
        <zone name="InfectedArmy" smin="0" smax="0" dmin="3" dmax="5" x="6556.03" z="3004.67" r="20"/>
        <zone name="InfectedArmyHard" smin="0" smax="0" dmin="1" dmax="2" x="7998.21" z="13062.9" r="60"/>  -->
        <!--    SATIVA         -->
        <zone name="InfectedArmyHard" smin="0" smax="0" dmin="1" dmax="1" x="7425.65" z="6766.02" r="25"/>    
        <zone name="InfectedArmy" smin="0" smax="0" dmin="2" dmax="3" x="7413.37" z="6778.90" r="25"/>
        <!--   SWAMP      -->
        <!-- <zone name="InfectedArmyHard" smin="0" smax="0" dmin="1" dmax="1" x="2947.80" z="4193.64" r="20"/> 
        <zone name="InfectedArmyHard" smin="0" smax="0" dmin="1" dmax="1" x="2882.94" z="4314.99" r="45"/> -->
        <zone name="InfectedArmyHard" smin="0" smax="0" dmin="1" dmax="1" x="2318.79" z="4940.90" r="25"/>  <!-- SWAMP CRASH -->
        <!-- <zone name="InfectedArmy" smin="0" smax="0" dmin="3" dmax="5" x="2682.07" z="4239.10" r="30"/>
        <zone name="InfectedArmy" smin="0" smax="0" dmin="3" dmax="5" x="3004.54" z="4178.21" r="30"/> -->
        <zone name="InfectedArmy" smin="0" smax="0" dmin="3" dmax="5" x="2363.01" z="4883.01" r="30"/>   <!-- SWAMP CRASH -->
        <zone name="InfectedArmy" smin="0" smax="0" dmin="3" dmax="5" x="2280.92" z="4978.51" r="30"/>   <!-- SWAMP CRASH -->
        <!--         ARKALEY          -->
        <zone name="InfectedArmyHard" smin="0" smax="0" dmin="1" dmax="1" x="5093.98" z="6506.25" r="25"/>    
        <zone name="InfectedArmy" smin="0" smax="0" dmin="3" dmax="5" x="5093.22" z="6494.55" r="25"/>
        <!--         ZONE 18          -->
        <zone name="InfectedArmyHard" smin="0" smax="0" dmin="1" dmax="1" x="6663.95" z="10014.34" r="25"/>    
        <zone name="InfectedArmy" smin="0" smax="0" dmin="2" dmax="3" x="6712.49" z="10031.75" r="25"/>
        <zone name="InfectedArmy" smin="0" smax="0" dmin="2" dmax="3" x="6613.57" z="10014.79" r="25"/>

        <!--   M.I.C          -->
        <zone name="InfectedArmyHard" smin="0" smax="0" dmin="1" dmax="1" x="1625.15" z="9410.89" r="25"/>
        <zone name="InfectedArmyHard" smin="0" smax="0" dmin="1" dmax="1" x="1411.27" z="9412.56" r="25"/>
        <zone name="InfectedArmy" smin="0" smax="0" dmin="3" dmax="4" x="1542.33" z="8653.04" r="45"/>
        <zone name="InfectedArmy" smin="0" smax="0" dmin="2" dmax="3" x="1751.09" z="8720.74" r="25"/>
        <zone name="InfectedArmy" smin="0" smax="0" dmin="3" dmax="5" x="1657.99" z="8879.47" r="25"/>
        <zone name="InfectedArmy" smin="0" smax="0" dmin="3" dmax="5" x="1649.47" z="9039.92" r="35"/>
        <zone name="InfectedArmy" smin="0" smax="0" dmin="3" dmax="5" x="1749.88" z="8933.26" r="25"/>
        <zone name="InfectedArmy" smin="0" smax="0" dmin="3" dmax="5" x="1691.21" z="9169.81" r="25"/>
        <zone name="InfectedArmy" smin="0" smax="0" dmin="3" dmax="5" x="1762.69" z="9173.54" r="35"/>
        <zone name="InfectedArmy" smin="0" smax="0" dmin="3" dmax="5" x="1715.65" z="9309.27" r="25"/>
        <zone name="InfectedArmy" smin="0" smax="0" dmin="3" dmax="5" x="1615.60" z="9421.60" r="25"/>
        <zone name="InfectedArmy" smin="0" smax="0" dmin="3" dmax="5" x="1711.06" z="9429.98" r="45"/>
        <zone name="InfectedArmy" smin="0" smax="0" dmin="3" dmax="5" x="1602.10" z="9529.86" r="35"/>
        <zone name="InfectedArmy" smin="0" smax="0" dmin="3" dmax="5" x="1585.10" z="9643.02" r="25"/>
        <zone name="InfectedArmy" smin="0" smax="0" dmin="3" dmax="5" x="1316.87" z="9005.19" r="35"/>
        <zone name="InfectedArmy" smin="0" smax="0" dmin="3" dmax="5" x="1426.31" z="9174.98" r="45"/>
        <zone name="InfectedArmy" smin="0" smax="0" dmin="3" dmax="5" x="1479.86" z="9274.17" r="35"/>
        <zone name="InfectedArmy" smin="0" smax="0" dmin="3" dmax="5" x="1390.31" z="9411.69" r="35"/>
        <zone name="InfectedArmy" smin="0" smax="0" dmin="3" dmax="5" x="1430.19" z="9528.68" r="35"/>
        <zone name="InfectedArmy" smin="0" smax="0" dmin="4" dmax="6" x="1481.70" z="9681.19" r="55"/>
        <zone name="InfectedArmy" smin="0" smax="0" dmin="2" dmax="3" x="1584.86" z="8742.85" r="55"/>
        <zone name="InfectedArmy" smin="0" smax="0" dmin="4" dmax="6" x="1367.31" z="9259.39" r="45"/>
        <zone name="InfectedArmy" smin="0" smax="0" dmin="3" dmax="5" x="1521.53" z="8970.06" r="35"/>
        <zone name="InfectedArmy" smin="0" smax="0" dmin="2" dmax="5" x="1534.32" z="9121.40" r="35"/>
        <zone name="InfectedArmy" smin="0" smax="0" dmin="2" dmax="5" x="1526.14" z="9468.87" r="45"/>
        <zone name="InfectedArmy" smin="0" smax="0" dmin="3" dmax="5" x="1765.48" z="8859.34" r="55"/>
        <zone name="InfectedArmy" smin="0" smax="0" dmin="3" dmax="5" x="1830.69" z="8847.97" r="25"/>

        <!--   RESEARCH FACILITY  -->
        <zone name="InfectedNBC" smin="0" smax="0" dmin="2" dmax="5" x="6310.04" z="2926.84" r="20"/>
        <zone name="InfectedNBC" smin="0" smax="0" dmin="2" dmax="5" x="6310.04" z="2926.84" r="20"/>
        <zone name="InfectedNBCYellow" smin="0" smax="0" dmin="4" dmax="8" x="6392.04" z="2925.34" r="20"/>
        <zone name="InfectedNBC" smin="0" smax="0" dmin="2" dmax="5" x="6421.53" z="2972.70" r="20"/>
        <zone name="InfectedNBC" smin="0" smax="0" dmin="2" dmax="5" x="6185.28" z="2939.19" r="30"/>
        <zone name="InfectedNBC" smin="0" smax="0" dmin="2" dmax="5" x="6507.41" z="2917.84" r="30"/>
        <zone name="InfectedNBC" smin="0" smax="0" dmin="2" dmax="5" x="6557.74" z="2853.95" r="30"/>
        <zone name="InfectedNBC" smin="0" smax="0" dmin="2" dmax="5" x="6571.00" z="2963.68" r="30"/>
        <zone name="InfectedNBC" smin="0" smax="0" dmin="2" dmax="5" x="6640.96" z="2943.50" r="30"/>
        <zone name="InfectedNBC" smin="0" smax="0" dmin="2" dmax="5" x="6556.03" z="3004.67" r="20"/>
        <zone name="InfectedNBCYellow" smin="0" smax="0" dmin="2" dmax="5" x="6530.13" z="2918.54" r="20"/>
        <zone name="InfectedNBCYellow" smin="0" smax="0" dmin="2" dmax="5" x="6617.03" z="2892.85" r="20"/>
        <zone name="InfectedNBCYellow" smin="0" smax="0" dmin="2" dmax="5" x="6586.74" z="2819.25" r="20"/>
		<zone name="InfectedNBCGreen" smin="0" smax="0" dmin="1" dmax="1" x="6659.09" z="2925.45" r="20"/>
		
		
		<!--   Swamp  -->
        <zone name="InfectedNBC" smin="0" smax="0" dmin="2" dmax="5" x="2947.80" z="4193.64" r="20"/> 
        <zone name="InfectedNBC" smin="0" smax="0" dmin="2" dmax="5" x="2882.94" z="4314.99" r="20"/>
		<zone name="InfectedNBC" smin="0" smax="0" dmin="3" dmax="5" x="3004.54" z="4178.21" r="30"/>
		<zone name="InfectedNBC" smin="0" smax="0" dmin="3" dmax="5" x="2839.08" z="4322.36" r="30"/>
		<zone name="InfectedNBCYellow" smin="0" smax="0" dmin="2" dmax="5" x="2850.62" z="4179.07" r="20"/>
		<zone name="InfectedNBCYellow" smin="0" smax="0" dmin="2" dmax="5" x="2936.71" z="4239.37" r="20"/>
		<zone name="InfectedNBCYellow" smin="0" smax="0" dmin="2" dmax="5" x="2977.96" z="4126.34" r="20"/>
		<zone name="InfectedNBCYellow" smin="0" smax="0" dmin="2" dmax="5" x="2924.27" z="4068.68" r="20"/>
		<zone name="InfectedNBC" smin="0" smax="0" dmin="3" dmax="5" x="3027.96" z="4119" r="30"/>
		<zone name="InfectedNBC" smin="0" smax="0" dmin="3" dmax="5" x="2975.43" z="4221.85" r="30"/>
		<zone name="InfectedNBCRed" smin="0" smax="0" dmin="1" dmax="1" x="2890.00" z="4188.33" r="20"/>
		

        <!--   MILITARY PRISON  -->
        <zone name="InfectedArmy" smin="0" smax="0" dmin="2" dmax="4" x="3906.39" z="4149.17" r="25"/>
        <zone name="InfectedArmy" smin="0" smax="0" dmin="2" dmax="4" x="3764.95" z="4035.84" r="25"/>
        <zone name="InfectedArmy" smin="0" smax="0" dmin="2" dmax="4" x="3643.73" z="3915.15" r="25"/>
        <zone name="InfectedArmy" smin="0" smax="0" dmin="2" dmax="4" x="3704.93" z="3821.42" r="25"/>
        <zone name="InfectedArmy" smin="0" smax="0" dmin="2" dmax="4" x="3828.04" z="3821.42" r="25"/>
        <zone name="InfectedArmy" smin="0" smax="0" dmin="2" dmax="4" x="3828.04" z="3897.42" r="25"/>

        <!--   WARNEFORD  -->
        <zone name="InfectedArmy" smin="0" smax="0" dmin="3" dmax="5" x="9305.25" z="4186.46" r="35"/>
        <zone name="InfectedArmy" smin="0" smax="0" dmin="3" dmax="5" x="9409.93" z="4222.72" r="35"/>
        <zone name="InfectedArmy" smin="0" smax="0" dmin="3" dmax="5" x="9325.75" z="4259.10" r="35"/>
        <zone name="InfectedArmyHard" smin="0" smax="0" dmin="1" dmax="2" x="9320.05" z="4255.10" r="25"/>

        <!--   LABYRINTH  -->
        <zone name="InfectedArmy" smin="0" smax="0" dmin="3" dmax="5" x="8803.53" z="1870.95" r="35"/>
        <zone name="InfectedArmy" smin="0" smax="0" dmin="3" dmax="5" x="8845.62" z="1816.23" r="35"/>

 </territory>


<territory color="3014176010">
        <!--         CITY            -->
  <!--    MOUNTAIN BUNKER A     -->
 <zone name="InfectedCity" smin="0" smax="0" dmin="5" dmax="9" x="128.08" z="3057.35" r="75"/>
 <zone name="InfectedCity" smin="0" smax="0" dmin="5" dmax="9" x="385.84" z="2961.58" r="75"/>
 <zone name="InfectedCity" smin="0" smax="0" dmin="5" dmax="9" x="256.24" z="3202.43" r="75"/>
 <zone name="InfectedCity" smin="0" smax="0" dmin="5" dmax="9" x="324.43" z="2923.95" r="75"/>
 <zone name="InfectedCity" smin="0" smax="0" dmin="5" dmax="9" x="252.01" z="2984.15" r="75"/>


  <!--  BAILEY       -->
  <zone name="InfectedCity" smin="0" smax="0" dmin="3" dmax="5" x="9630.17" z="435.69" r="35"/>
  <zone name="InfectedCity" smin="0" smax="0" dmin="3" dmax="5" x="9734.38" z="385.42" r="35"/>
  <zone name="InfectedCity" smin="0" smax="0" dmin="3" dmax="5" x="9818.21" z="414.45" r="35"/>
  <zone name="InfectedCity" smin="0" smax="0" dmin="3" dmax="5" x="9787.74" z="469.16" r="35"/>
  <zone name="InfectedCity" smin="0" smax="0" dmin="3" dmax="5" x="9883.43" z="619.96" r="35"/>
  <zone name="InfectedCity" smin="0" smax="0" dmin="3" dmax="5" x="9727.87" z="554.85" r="35"/>
  <zone name="InfectedCity" smin="0" smax="0" dmin="3" dmax="5" x="9355.86" z="641.81" r="40"/>
        <!--     OLIVER        -->
        <zone name="InfectedCity" smin="0" smax="0" dmin="4" dmax="6" x="6390.86" z="4409.07" r="35"/>
        <zone name="InfectedCity" smin="0" smax="0" dmin="4" dmax="6" x="6569.16" z="4597.56" r="25"/>
        <zone name="InfectedCity" smin="0" smax="0" dmin="4" dmax="6" x="6472.75" z="4635.06" r="25"/>
        <zone name="InfectedCity" smin="0" smax="0" dmin="4" dmax="6" x="6282.13" z="4639.27" r="30"/>
        <zone name="InfectedCity" smin="0" smax="0" dmin="4" dmax="6" x="6490.01" z="4361.32" r="30"/>
        <zone name="InfectedCity" smin="0" smax="0" dmin="3" dmax="5" x="6661.64" z="4399.41" r="20"/>
        <zone name="InfectedCity" smin="0" smax="0" dmin="4" dmax="6" x="6658.71" z="4254.79" r="40"/>
        <zone name="InfectedCity" smin="0" smax="0" dmin="2" dmax="4" x="6636.47" z="4316.82" r="35"/>
        <zone name="InfectedCity" smin="0" smax="0" dmin="2" dmax="4" x="6536.53" z="4429.34" r="35"/>
        <zone name="InfectedCity" smin="0" smax="0" dmin="4" dmax="6" x="6503.35" z="4266.21" r="30"/>
        <zone name="InfectedCity" smin="0" smax="0" dmin="4" dmax="6" x="6766.65" z="4450.22" r="45"/>
        <zone name="InfectedCity" smin="0" smax="0" dmin="3" dmax="5" x="6848.48" z="4444.44" r="35"/>
        <zone name="InfectedCity" smin="0" smax="0" dmin="4" dmax="6" x="6973.22" z="4388.57" r="45"/>
        <zone name="InfectedCity" smin="0" smax="0" dmin="3" dmax="5" x="6845.78" z="4328.03" r="35"/>
        <zone name="InfectedCity" smin="0" smax="0" dmin="3" dmax="5" x="7106.55" z="4397.97" r="30"/>
        <zone name="InfectedCity" smin="0" smax="0" dmin="3" dmax="5" x="7099.51" z="4285.16" r="35"/>
        <zone name="InfectedCity" smin="0" smax="0" dmin="3" dmax="5" x="6933.08" z="4267.13" r="35"/>
        <!--     PINDER        -->
        <zone name="InfectedCity" smin="0" smax="0" dmin="4" dmax="6" x="5247.26" z="7576.22" r="35"/>
        <zone name="InfectedCity" smin="0" smax="0" dmin="3" dmax="5" x="5201.67" z="7548.98" r="25"/>
        <zone name="InfectedCity" smin="0" smax="0" dmin="3" dmax="5" x="5225.69" z="7684.17" r="25"/>
        <zone name="InfectedCity" smin="0" smax="0" dmin="2" dmax="3" x="5115.88" z="7564.63" r="25"/>
        <zone name="InfectedCity" smin="0" smax="0" dmin="2" dmax="4" x="55150.68" z="7530.43" r="20"/>
        <zone name="InfectedCity" smin="0" smax="0" dmin="2" dmax="4" x="5055.56" z="7531.08" r="25"/>
        <zone name="InfectedCity" smin="0" smax="0" dmin="3" dmax="5" x="5034.39" z="7478.87" r="20"/>
       <!--   PORT LEYMONT      -->
       <zone name="InfectedCity" smin="0" smax="0" dmin="3" dmax="5" x="512.95" z="6507.10" r="30"/>
       <zone name="InfectedCity" smin="0" smax="0" dmin="3" dmax="5" x="412.89" z="6499.85" r="30"/>
       <zone name="InfectedCity" smin="0" smax="0" dmin="4" dmax="6" x="495.94" z="6583.25" r="30"/>
       <zone name="InfectedCity" smin="0" smax="0" dmin="3" dmax="5" x="410.74" z="6584.69" r="30"/>
       <zone name="InfectedCity" smin="0" smax="0" dmin="3" dmax="5" x="456.24" z="6635.19" r="30"/>
       <!--   RESEARCH FACILITY  -->
       <zone name="InfectedCity" smin="0" smax="0" dmin="4" dmax="8" x="6667.22" z="2839.61" r="20"/>
       <zone name="InfectedCity" smin="0" smax="0" dmin="2" dmax="3" x="6413.58" z="2879.83" r="20"/>
       <!--  BAKELAND       -->
       <zone name="InfectedCity" smin="0" smax="0" dmin="4" dmax="6" x="4523.79" z="1111.43" r="35"/>
       <zone name="InfectedCity" smin="0" smax="0" dmin="3" dmax="5" x="4723.64" z="1157.74" r="20"/>
       <zone name="InfectedCity" smin="0" smax="0" dmin="4" dmax="6" x="4591.38" z="1192.79" r="25"/>
       <zone name="InfectedCity" smin="0" smax="0" dmin="4" dmax="6" x="4836.71" z="1196.13" r="30"/>
       <zone name="InfectedCity" smin="0" smax="0" dmin="4" dmax="6" x="4621.42" z="1116.02" r="25"/>
       <zone name="InfectedCity" smin="0" smax="0" dmin="3" dmax="5" x="4721.32" z="1251.64" r="20"/>
       <zone name="InfectedCity" smin="0" smax="0" dmin="4" dmax="6" x="4829.32" z="1337.18" r="25"/>
       <zone name="InfectedCity" smin="0" smax="0" dmin="4" dmax="6" x="4735.97" z="1434.70" r="25"/>
       <zone name="InfectedCity" smin="0" smax="0" dmin="4" dmax="6" x="4620.31" z="1525.10" r="30"/>
       <zone name="InfectedCity" smin="0" smax="0" dmin="4" dmax="6" x="4624.65" z="1475.70" r="25"/>
       <zone name="InfectedCity" smin="0" smax="0" dmin="2" dmax="4" x="4681.16" z="1511.70" r="25"/>
       <zone name="InfectedCity" smin="0" smax="0" dmin="4" dmax="6" x="4825.27" z="1477.33" r="35"/>
       <zone name="InfectedCity" smin="0" smax="0" dmin="3" dmax="5" x="4620.82" z="1266.62" r="35"/>
       <zone name="InfectedCity" smin="0" smax="0" dmin="4" dmax="6" x="4536.86" z="1450.20" r="25"/>
       <zone name="InfectedCity" smin="0" smax="0" dmin="4" dmax="6" x="4492.84" z="1628.57" r="25"/>
       <zone name="InfectedCity" smin="0" smax="0" dmin="4" dmax="6" x="4407.62" z="1621.37" r="25"/>
       <zone name="InfectedCity" smin="0" smax="0" dmin="4" dmax="6" x="4384.15" z="1444.57" r="25"/>
       <zone name="InfectedCity" smin="0" smax="0" dmin="4" dmax="6" x="4544.78" z="1338.70" r="25"/>
       <zone name="InfectedCity" smin="0" smax="0" dmin="4" dmax="6" x="4369.03" z="1214.05" r="25"/>
       <zone name="InfectedCity" smin="0" smax="0" dmin="3" dmax="5" x="4207.35" z="1305.32" r="25"/>
        <!--   WITSEND      -->
        <zone name="InfectedCity" smin="0" smax="0" dmin="2" dmax="3" x="4030.80" z="6953.62" r="25"/>
        <zone name="InfectedCity" smin="0" smax="0" dmin="2" dmax="3" x="4032.73" z="6885.60" r="20"/>
        <zone name="InfectedCity" smin="0" smax="0" dmin="3" dmax="5" x="3872.72" z="7034.92" r="35"/>
       <!--   WEST HYDESWOR  -->
       <zone name="InfectedCity" smin="0" smax="0" dmin="3" dmax="4" x="931.11" z="7170.80" r="30"/>
       <zone name="InfectedCity" smin="0" smax="0" dmin="3" dmax="4" x="872.10" z="7172.42" r="20"/>
       <zone name="InfectedCity" smin="0" smax="0" dmin="3" dmax="5" x="765.89" z="7127.93" r="30"/>
       <zone name="InfectedCity" smin="0" smax="0" dmin="3" dmax="4" x="706.38" z="7195.10" r="30"/>
       <zone name="InfectedCity" smin="0" smax="0" dmin="3" dmax="4" x="1092.79" z="6997.54" r="30"/>

 <!--  BARRINGTON    -->
 <zone name="InfectedCity" smin="0" smax="0" dmin="2" dmax="5" x="4495.45" z="8912.93" r="30"/>
 <zone name="InfectedCity" smin="0" smax="0" dmin="3" dmax="5" x="4392.92" z="9031.42" r="20"/>
 <zone name="InfectedCity" smin="0" smax="0" dmin="3" dmax="5" x="4415.20" z="9145.62" r="20"/>
 <zone name="InfectedCity" smin="0" smax="0" dmin="2" dmax="3" x="4544.07" z="9014.65" r="20"/>
 <zone name="InfectedCity" smin="0" smax="0" dmin="3" dmax="5" x="4628.33" z="8933.05" r="30"/>
 <zone name="InfectedCity" smin="0" smax="0" dmin="3" dmax="5" x="4601.97" z="9120.03" r="35"/>
 <zone name="InfectedCity" smin="0" smax="0" dmin="3" dmax="5" x="4548.48" z="9282.49" r="25"/>
 <zone name="InfectedCity" smin="0" smax="0" dmin="2" dmax="4" x="4560.39" z="9440.04" r="25"/>
 <zone name="InfectedCity" smin="0" smax="0" dmin="3" dmax="4" x="4622.10" z="9393.18" r="25"/>
 <zone name="InfectedCity" smin="0" smax="0" dmin="3" dmax="4" x="4775.91" z="9419.21" r="30"/>
 <zone name="InfectedCity" smin="0" smax="0" dmin="3" dmax="4" x="4774.27" z="9377.19" r="30"/>
 <zone name="InfectedCity" smin="0" smax="0" dmin="3" dmax="4" x="4699.39" z="9465.23" r="20"/>
 <zone name="InfectedCity" smin="0" smax="0" dmin="3" dmax="4" x="4149.48" z="9027.66" r="25"/>
 <zone name="InfectedCity" smin="0" smax="0" dmin="3" dmax="4" x="3994.40" z="9101.48" r="30"/>
 <zone name="InfectedCity" smin="0" smax="0" dmin="3" dmax="4" x="4150.49" z="9163.13" r="30"/>
 <zone name="InfectedCity" smin="0" smax="0" dmin="3" dmax="4" x="4271.14" z="9185.02" r="25"/>
 <zone name="InfectedCity" smin="0" smax="0" dmin="3" dmax="4" x="4276.55" z="9282.43" r="25"/>
 <zone name="InfectedCity" smin="0" smax="0" dmin="3" dmax="4" x="4405.99" z="9249.28" r="25"/>
 <zone name="InfectedCity" smin="0" smax="0" dmin="2" dmax="4" x="4502.17" z="9356.32" r="25"/>
 <zone name="InfectedCity" smin="0" smax="0" dmin="3" dmax="6" x="4480.30" z="9464.29" r="25"/>
 <zone name="InfectedCity" smin="0" smax="0" dmin="3" dmax="4" x="4380.58" z="9446.28" r="25"/>
 <zone name="InfectedCity" smin="0" smax="0" dmin="3" dmax="4" x="4343.10" z="9369.45" r="25"/>
 <zone name="InfectedCity" smin="0" smax="0" dmin="3" dmax="4" x="4277.51" z="9456.70" r="25"/>
 <zone name="InfectedCity" smin="0" smax="0" dmin="3" dmax="4" x="4250.25" z="9065.76" r="25"/>
 <zone name="InfectedCity" smin="0" smax="0" dmin="3" dmax="4" x="4014.83" z="9330.89" r="25"/>
 <zone name="InfectedCity" smin="0" smax="0" dmin="3" dmax="4" x="4051.10" z="9178.19" r="25"/>
 <zone name="InfectedCity" smin="0" smax="0" dmin="2" dmax="3" x="4605.64" z="9210.99" r="20"/>
 <zone name="InfectedCity" smin="0" smax="0" dmin="3" dmax="5" x="3923.17" z="9253.80" r="30"/>
 <zone name="InfectedCity" smin="0" smax="0" dmin="2" dmax="3" x="4218.88" z="9343.30" r="25"/>
 <zone name="InfectedCity" smin="0" smax="0" dmin="2" dmax="3" x="4261.96" z="9565.65" r="30"/>
 <zone name="InfectedCity" smin="0" smax="0" dmin="3" dmax="5" x="4138.85" z="9488.82" r="30"/>
 <zone name="InfectedCity" smin="0" smax="0" dmin="3" dmax="5" x="4094.96" z="9384.34" r="25"/>
 <zone name="InfectedCity" smin="0" smax="0" dmin="2" dmax="3" x="3884.23" z="9374.80" r="25"/>
 <zone name="InfectedCity" smin="0" smax="0" dmin="3" dmax="5" x="3813.80" z="9296.80" r="25"/>
 <zone name="InfectedCity" smin="0" smax="0" dmin="3" dmax="5" x="3993.63" z="9455.39" r="25"/>
 <zone name="InfectedCity" smin="0" smax="0" dmin="2" dmax="3" x="4047.46" z="9612.85" r="25"/>
 <zone name="InfectedCity" smin="0" smax="0" dmin="3" dmax="5" x="3905.06" z="9628.47" r="25"/>
 <zone name="InfectedCity" smin="0" smax="0" dmin="3" dmax="5" x="3888.81" z="9500.04" r="35"/>
 <zone name="InfectedCity" smin="0" smax="0" dmin="2" dmax="4" x="3964.20" z="9593.84" r="20"/>
 <zone name="InfectedCity" smin="0" smax="0" dmin="3" dmax="5" x="3824.20" z="9618.53" r="35"/>
 <zone name="InfectedCity" smin="0" smax="0" dmin="3" dmax="5" x="3844.39" z="9710.80" r="25"/>
 <zone name="InfectedCity" smin="0" smax="0" dmin="3" dmax="5" x="3958.61" z="9642.92" r="30"/>
 <zone name="InfectedCity" smin="0" smax="0" dmin="2" dmax="4" x="3870.66" z="9563.45" r="20"/>
 <zone name="InfectedCity" smin="0" smax="0" dmin="3" dmax="5" x="3699.99" z="9342.06" r="35"/>
 <zone name="InfectedCity" smin="0" smax="0" dmin="2" dmax="3" x="4399.20" z="8959.54" r="25"/>
 <zone name="InfectedCity" smin="0" smax="0" dmin="3" dmax="5" x="3811.38" z="9430.83" r="25"/>
 <zone name="InfectedCity" smin="0" smax="0" dmin="3" dmax="5" x="4194.64" z="9417.45" r="35"/>
 <zone name="InfectedCity" smin="0" smax="0" dmin="2" dmax="3" x="4328.79" z="9111.75" r="25"/>
 <zone name="InfectedCity" smin="0" smax="0" dmin="2" dmax="3" x="4584.23" z="9481.61" r="10"/>
 <zone name="InfectedCity" smin="0" smax="0" dmin="2" dmax="3" x="4798.86" z="9458.87" r="10"/>

        <!--     LABYRINTH          -->
 <zone name="InfectedCity" smin="0" smax="0" dmin="2" dmax="4" x="8989.74" z="1863.75" r="30"/>
 <zone name="InfectedCity" smin="0" smax="0" dmin="2" dmax="4" x="8936.01" z="1810.55" r="30"/>
</territory>


<territory color="1102461653">
        <!--         INDUSTRIAL            -->
        <!-- FACTORY -->
        <zone name="InfectedIndustrial" smin="0" smax="0" dmin="3" dmax="5" x="3585.78" z="7943.88" r="35"/>
        <zone name="InfectedIndustrial" smin="0" smax="0" dmin="3" dmax="5" x="3594.63" z="8119.99" r="30"/>
        <zone name="InfectedIndustrial" smin="0" smax="0" dmin="3" dmax="5" x="3610.10" z="8009.04" r="35"/>
        <zone name="InfectedIndustrial" smin="0" smax="0" dmin="3" dmax="5" x="3587.35" z="7858.33" r="30"/>
        <zone name="InfectedIndustrial" smin="0" smax="0" dmin="3" dmax="5" x="3646.35" z="8083.62" r="35"/>
        <!--   GREENVILLE      -->
       <zone name="InfectedIndustrial" smin="0" smax="0" dmin="2" dmax="4" x="6903.73" z="8539.09" r="35"/>
       <zone name="InfectedIndustrial" smin="0" smax="0" dmin="2" dmax="4" x="6917.09" z="8584.78" r="25"/>
       <zone name="InfectedIndustrial" smin="0" smax="0" dmin="2" dmax="4" x="6912.31" z="8631.95" r="25"/>
       <!--    OLIVER      -->
       <zone name="InfectedIndustrial" smin="0" smax="0" dmin="3" dmax="5" x="6387.91" z="4509.23" r="30"/>
       <zone name="InfectedIndustrial" smin="0" smax="0" dmin="3" dmax="5" x="6421.71" z="4560.27" r="30"/>
       <zone name="InfectedIndustrial" smin="0" smax="0" dmin="2" dmax="4" x="6581.97" z="4463.34" r="40"/>
       <zone name="InfectedIndustrial" smin="0" smax="0" dmin="2" dmax="4" x="6318.26" z="4474.60" r="35"/>
       <zone name="InfectedIndustrial" smin="0" smax="0" dmin="3" dmax="5" x="6208.16" z="4424.55" r="35"/>
        <!--    PINDER      -->
        <zone name="InfectedIndustrial" smin="0" smax="0" dmin="3" dmax="5" x="5376.01" z="7575.05" r="20"/>
        <!--   PORT LEYMONT      -->
        <zone name="InfectedIndustrial" smin="0" smax="0" dmin="2" dmax="4" x="366.44" z="6683.08" r="25"/>
        <!--  ROACHBURN     -->
        <zone name="InfectedIndustrial" smin="0" smax="0" dmin="4" dmax="6" x="7741.72" z="9875.78" r="25"/>
        <!--   BAKELAND    -->
        <zone name="InfectedIndustrial" smin="0" smax="0" dmin="3" dmax="5" x="4833.71" z="1109.77" r="35"/>
        <zone name="InfectedIndustrial" smin="0" smax="0" dmin="4" dmax="6" x="4593.05" z="1300.02" r="35"/>
        <!--   WEST HYDESWOR  -->
        <zone name="InfectedIndustrial" smin="0" smax="0" dmin="3" dmax="5" x="1040.57" z="7144.54" r="25"/>

        <!--   M.I.C          -->
        <zone name="InfectedIndustrial" smin="0" smax="0" dmin="3" dmax="5" x="1666.33" z="6756.19" r="35"/>
        <zone name="InfectedIndustrial" smin="0" smax="0" dmin="3" dmax="5" x="1718.91" z="9026.15" r="35"/>
        <zone name="InfectedIndustrial" smin="0" smax="0" dmin="3" dmax="5" x="1414.91" z="8859.87" r="35"/>

        <!--   MILITARY PRISON          -->
        <zone name="InfectedIndustrial" smin="0" smax="0" dmin="3" dmax="5" x="3675.35" z="4029.48" r="35"/>

        <!--   LABYRINTH  -->
        <zone name="InfectedIndustrial" smin="0" smax="0" dmin="2" dmax="4" x="8797.13" z="1947.21" r="30"/>
        <zone name="InfectedIndustrial" smin="0" smax="0" dmin="2" dmax="4" x="8858.81" z="2008.23" r="30"/>

  <!--  BAILEY    -->
  <zone name="InfectedIndustrial" smin="0" smax="0" dmin="2" dmax="4" x="9731.24" z="1001.55" r="20"/>
  <zone name="InfectedIndustrial" smin="0" smax="0" dmin="2" dmax="4" x="9748.28" z="972.18" r="20"/>
  <zone name="InfectedIndustrial" smin="0" smax="0" dmin="3" dmax="5" x="9772.65" z="924.12" r="25"/>
  <zone name="InfectedIndustrial" smin="0" smax="0" dmin="3" dmax="4" x="9808.10" z="978.95" r="35"/>
  <zone name="InfectedIndustrial" smin="0" smax="0" dmin="3" dmax="4" x="9715.41" z="889.30" r="25"/>

  <zone name="InfectedIndustrial" smin="0" smax="0" dmin="3" dmax="6" x="6180.44" z="2676.49" r="35"/>
 </territory>
        
<territory color="2575065676">
<!--         VILLAGE      -->

  <!--   ELMORE     -->
  <zone name="InfectedVillage" smin="0" smax="0" dmin="3" dmax="5" x="6788.81" z="1776.72" r="35"/>
  <zone name="InfectedVillage" smin="0" smax="0" dmin="3" dmax="5" x="6771.69" z="1873.26" r="25"/>
  <zone name="InfectedVillage" smin="0" smax="0" dmin="3" dmax="5" x="6829.46" z="1859.01" r="25"/>
  <zone name="InfectedVillage" smin="0" smax="0" dmin="2" dmax="4" x="6899.42" z="1812.52" r="35"/>
  <zone name="InfectedVillage" smin="0" smax="0" dmin="3" dmax="5" x="7003.23" z="1717.17" r="35"/>
  <zone name="InfectedVillage" smin="0" smax="0" dmin="2" dmax="5" x="7069.10" z="1722.45" r="35"/>

  <!--  BAILEY      -->
  <zone name="InfectedVillage" smin="0" smax="0" dmin="3" dmax="5" x="7739.66" z="480.42" r="40"/>
 
        <!--   RANDOM CABINS   -->
        <!-- Cabin West - SATIVA -->
        <zone name="InfectedVillage" smin="0" smax="0" dmin="2" dmax="3" x="7527.11" z="7023.15" r="35"/>
        <!-- Cabin West - HOMESTEAD -->
        <zone name="InfectedVillage" smin="0" smax="0" dmin="2" dmax="3" x="8386.54" z="7346.40" r="35"/>
        <!-- Cabin West - WOLVES PASS -->
        <zone name="InfectedVillage" smin="0" smax="0" dmin="2" dmax="3" x="7049.36" z="7415.76" r="25"/>
        <!-- Cabin North-West - GREENSVILLE #1 -->
        <zone name="InfectedVillage" smin="0" smax="0" dmin="2" dmax="3" x="6385.74" z="8721.32" r="25"/>
        <!-- Cabin North-West - GREENSVILLE #2 -->
        <zone name="InfectedVillage" smin="0" smax="0" dmin="2" dmax="3" x="6205.67" z="8866.39" r="25"/>
       <!-- Cabin North PINDER -->
       <zone name="InfectedVillage" smin="0" smax="0" dmin="2" dmax="3" x="5379.36" z="8261.29" r="25"/>
       <!-- Cabin North East ADDERSFIELD -->
       <zone name="InfectedVillage" smin="0" smax="0" dmin="2" dmax="3" x="5379.36" z="8261.29" r="35"/>
       <!-- Cabin West HARTE -->
       <zone name="InfectedVillage" smin="0" smax="0" dmin="2" dmax="3" x="5379.36" z="8261.29" r="25"/>
       <!--    FRESHIE FARM          -->
       <zone name="InfectedVillage" smin="0" smax="0" dmin="1" dmax="2" x="9498.39" z="8348.16" r="25"/>
       <zone name="InfectedVillage" smin="0" smax="0" dmin="2" dmax="3" x="9437.68" z="8328.47" r="25"/>
       <!--   GREENVILLE      -->
       <zone name="InfectedVillage" smin="0" smax="0" dmin="3" dmax="5" x="6656.43" z="8599.47" r="35"/>
       <zone name="InfectedVillage" smin="0" smax="0" dmin="3" dmax="5" x="6749.07" z="8543.22" r="35"/>
       <zone name="InfectedVillage" smin="0" smax="0" dmin="3" dmax="5" x="6755.23" z="8605.89" r="30"/>
       <zone name="InfectedVillage" smin="0" smax="0" dmin="2" dmax="4" x="6816.82" z="8533.47" r="25"/>
       <zone name="InfectedVillage" smin="0" smax="0" dmin="3" dmax="5" x="6759.13" z="8454.50" r="25"/>
       <zone name="InfectedVillage" smin="0" smax="0" dmin="2" dmax="4" x="6849.44" z="8463.66" r="35"/>
       <zone name="InfectedVillage" smin="0" smax="0" dmin="2" dmax="4" x="6813.31" z="8590.58" r="25"/>
        <!--   HARMONY     -->
        <zone name="InfectedVillage" smin="0" smax="0" dmin="2" dmax="4" x="8019.54" z="8217.93" r="30"/>
        <zone name="InfectedVillage" smin="0" smax="0" dmin="2" dmax="4" x="7874.41" z="8120.14" r="20"/>
        <!--   HARTE      -->
        <zone name="InfectedVillage" smin="0" smax="0" dmin="2" dmax="4" x="8878.78" z="5801.94" r="30"/>
        <zone name="InfectedVillage" smin="0" smax="0" dmin="2" dmax="4" x="8990.83" z="5813.94" r="30"/>
        <zone name="InfectedVillage" smin="0" smax="0" dmin="3" dmax="5" x="9130.11" z="5870.02" r="30"/>
        <zone name="InfectedVillage" smin="0" smax="0" dmin="3" dmax="5" x="9008.14" z="5906.56" r="30"/>
        <zone name="InfectedVillage" smin="0" smax="0" dmin="2" dmax="4" x="8942.69" z="5888.24" r="30"/>
        <!--   HOMESTEAD    -->
        <zone name="InfectedVillage" smin="0" smax="0" dmin="3" dmax="5" x="7820.93" z="7277.54" r="50"/>
        <zone name="InfectedVillage" smin="0" smax="0" dmin="3" dmax="5" x="7798.63" z="7449.06" r="50"/>
        <!--    INDICA      -->
        <zone name="InfectedVillage" smin="0" smax="0" dmin="2" dmax="3" x="8663.67" z="9520.83" r="30"/>
        <zone name="InfectedVillage" smin="0" smax="0" dmin="2" dmax="3" x="8661.75" z="9426.20" r="35"/>
        <zone name="InfectedVillage" smin="0" smax="0" dmin="2" dmax="3" x="8708.11" z="9367.02" r="30"/>
        <zone name="InfectedVillage" smin="0" smax="0" dmin="3" dmax="5" x="8605.35" z="9442.65" r="40"/>
        <zone name="InfectedVillage" smin="0" smax="0" dmin="2" dmax="3" x="8520.97" z="9360.97" r="30"/>
        <!--     OLIVER        -->
        <zone name="InfectedVillage" smin="0" smax="0" dmin="4" dmax="6" x="6447.48" z="4452.70" r="20"/>
        <zone name="InfectedVillage" smin="0" smax="0" dmin="3" dmax="5" x="6517.28" z="4708.73" r="25"/>
        <zone name="InfectedVillage" smin="0" smax="0" dmin="3" dmax="5" x="6571.63" z="4192.24" r="25"/>
        <!--     PINDER        -->
        <zone name="InfectedVillage" smin="0" smax="0" dmin="4" dmax="6" x="5296.75" z="7727.83" r="35"/>
        <zone name="InfectedVillage" smin="0" smax="0" dmin="2" dmax="4" x="5209.56" z="7483.60" r="45"/>
        <zone name="InfectedVillage" smin="0" smax="0" dmin="2" dmax="4" x="5123.32" z="7720.66" r="20"/>
        <zone name="InfectedVillage" smin="0" smax="0" dmin="3" dmax="5" x="5364.59" z="7665.77" r="30"/>
        <zone name="InfectedVillage" smin="0" smax="0" dmin="2" dmax="3" x="5258.93" z="7846.22" r="20"/>
        <!--   PORT LEYMONT      -->
       <zone name="InfectedVillage" smin="0" smax="0" dmin="3" dmax="5" x="671.71" z="6339.37" r="35"/>
       <zone name="InfectedVillage" smin="0" smax="0" dmin="3" dmax="5" x="579.49" z="6231.59" r="30"/>
       <zone name="InfectedVillage" smin="0" smax="0" dmin="3" dmax="5" x="563.80" z="6379.87" r="35"/>
       <zone name="InfectedVillage" smin="0" smax="0" dmin="3" dmax="5" x="623.34" z="6479.68" r="40"/>
       <zone name="InfectedVillage" smin="0" smax="0" dmin="3" dmax="5" x="613.64" z="6567.81" r="35"/>
         <!--    REDEYE       -->  
        <zone name="InfectedVillage" smin="0" smax="0" dmin="2" dmax="3" x="5983.41" z="9804.08" r="35"/>
        <zone name="InfectedVillage" smin="0" smax="0" dmin="2" dmax="3" x="5944.57" z="9760.29" r="25"/>
        <zone name="InfectedVillage" smin="0" smax="0" dmin="2" dmax="3" x="5755.62" z="9744.45" r="45"/>
        <!--  ROACHBURN       -->
        <zone name="InfectedVillage" smin="0" smax="0" dmin="3" dmax="5" x="7637.19" z="9878.66" r="25"/>
        <zone name="InfectedVillage" smin="0" smax="0" dmin="3" dmax="5" x="7804.60" z="9918.23" r="25"/>
       <zone name="InfectedVillage" smin="0" smax="0" dmin="1" dmax="2" x="7712.87" z="9903.20" r="20"/>
       <zone name="InfectedVillage" smin="0" smax="0" dmin="2" dmax="4" x="7739.26" z="10015.29" r="20"/>
       <zone name="InfectedVillage" smin="0" smax="0" dmin="2" dmax="4" x="7766.89" z="9959.86" r="20"/>
        <!--     SATIVA        -->
        <zone name="InfectedVillage" smin="0" smax="0" dmin="3" dmax="5" x="7316.53" z="6913.40" r="30"/>
        <zone name="InfectedVillage" smin="0" smax="0" dmin="3" dmax="5" x="7215.39" z="6930.61" r="40"/>
        <zone name="InfectedVillage" smin="0" smax="0" dmin="3" dmax="5" x="7274.26" z="7122.55" r="35"/><!-- Car Crash West -->
        <zone name="InfectedVillage" smin="0" smax="0" dmin="2" dmax="3" x="7527.11" z="7023.15" r="35"/><!-- Cabin West -->
        <!--  BAKELAND       -->
        <zone name="InfectedVillage" smin="0" smax="0" dmin="4" dmax="6" x="4707.79" z="1015.47" r="45"/>
        <zone name="InfectedVillage" smin="0" smax="0" dmin="4" dmax="6" x="4580.95" z="1027.15" r="25"/>
        <zone name="InfectedVillage" smin="0" smax="0" dmin="4" dmax="6" x="4646.46" z="1682.92" r="35"/>
        <!--     SHIFTY        -->
        <zone name="InfectedVillage" smin="0" smax="0" dmin="2" dmax="4" x="7595.92" z="8832.52" r="45"/>
        <zone name="InfectedVillage" smin="0" smax="0" dmin="2" dmax="3" x="7543.27" z="8780.04" r="25"/>
        <zone name="InfectedVillage" smin="0" smax="0" dmin="2" dmax="3" x="7554.90" z="8733.14" r="25"/>
        <!--         WOLVES PASS          -->
        <zone name="InfectedVillage" smin="0" smax="0" dmin="3" dmax="5" x="6803.98" z="7305.47" r="35"/>
        <zone name="InfectedVillage" smin="0" smax="0" dmin="2" dmax="3" x="6629.16" z="7418.83" r="25"/>
        <!--         ADDERSFIELD           -->
        <zone name="InfectedVillage" smin="0" smax="0" dmin="3" dmax="5" x="1588.10" z="5307.66" r="30"/>
        <zone name="InfectedVillage" smin="0" smax="0" dmin="2" dmax="4" x="1527.91" z="6271.68" r="35"/>
        <zone name="InfectedVillage" smin="0" smax="0" dmin="3" dmax="5" x="1460.91" z="6254.88" r="40"/>
        <zone name="InfectedVillage" smin="0" smax="0" dmin="3" dmax="5" x="1355.41" z="6204.53" r="30"/>
        <zone name="InfectedVillage" smin="0" smax="0" dmin="2" dmax="4" x="1600.98" z="6175.93" r="30"/>
        <zone name="InfectedVillage" smin="0" smax="0" dmin="3" dmax="5" x="1490.36" z="6161.44" r="45"/>
        <zone name="InfectedVillage" smin="0" smax="0" dmin="3" dmax="5" x="1424.75" z="6071.79" r="35"/>
        <zone name="InfectedVillage" smin="0" smax="0" dmin="2" dmax="4" x="1536.13" z="6083.24" r="40"/>
        <zone name="InfectedVillage" smin="0" smax="0" dmin="2" dmax="4" x="1551.77" z="5969.94" r="35"/>
        <zone name="InfectedVillage" smin="0" smax="0" dmin="3" dmax="5" x="1438.48" z="5902.42" r="25"/>
        <zone name="InfectedVillage" smin="0" smax="0" dmin="2" dmax="4" x="1523.86" z="5976.82" r="45"/>
        <zone name="InfectedVillage" smin="0" smax="0" dmin="2" dmax="4" x="1738.53" z="5886.65" r="25"/>
        <zone name="InfectedVillage" smin="0" smax="0" dmin="3" dmax="5" x="1849.75" z="5962.10" r="30"/>
        <!--         ARKALEY          -->
        <zone name="InfectedVillage" smin="0" smax="0" dmin="2" dmax="4" x="4975.91" z="6451.34" r="25"/>
        <zone name="InfectedVillage" smin="0" smax="0" dmin="2" dmax="4" x="4849.73" z="6477.26" r="25"/>
        <zone name="InfectedVillage" smin="0" smax="0" dmin="3" dmax="5" x="4865.19" z="6389.79" r="40"/>
        <zone name="InfectedVillage" smin="0" smax="0" dmin="3" dmax="5" x="4898.86" z="6547.10" r="40"/>
        <zone name="InfectedVillage" smin="0" smax="0" dmin="3" dmax="5" x="4897.54" z="6637.96" r="25"/>
        <!--         BADGER          -->
        <zone name="InfectedVillage" smin="0" smax="0" dmin="2" dmax="3" x="9051.87" z="8381.81" r="25"/>
        <zone name="InfectedVillage" smin="0" smax="0" dmin="1" dmax="2" x="9075.80" z="8322.88" r="25"/>
        <zone name="InfectedVillage" smin="0" smax="0" dmin="1" dmax="2" x="8989.22" z="8327.74" r="25"/>
        <!--     BEAVER DEN         -->
        <zone name="InfectedVillage" smin="0" smax="0" dmin="3" dmax="5" x="824.47" z="534.56" r="40"/>
        <zone name="InfectedVillage" smin="0" smax="0" dmin="3" dmax="5" x="708.11" z="355.65" r="40"/>
        <!--     BLUNT         -->
        <zone name="InfectedVillage" smin="0" smax="0" dmin="2" dmax="4" x="5906.12" z="8934.57" r="35"/>
        <zone name="InfectedVillage" smin="0" smax="0" dmin="2" dmax="4" x="5848.19" z="9000.20" r="30"/>
        <!--   WITSEND      -->
        <zone name="InfectedVillage" smin="0" smax="0" dmin="3" dmax="5" x="4073.53" z="7207.26" r="25"/>
        <zone name="InfectedVillage" smin="0" smax="0" dmin="2" dmax="4" x="3982.91" z="7190.73" r="25"/>
        <zone name="InfectedVillage" smin="0" smax="0" dmin="2" dmax="4" x="3928.34" z="7224.40" r="35"/>
        <zone name="InfectedVillage" smin="0" smax="0" dmin="3" dmax="5" x="3944.85" z="7109.10" r="25"/>
        <zone name="InfectedVillage" smin="0" smax="0" dmin="3" dmax="5" x="4063.69" z="7107.29" r="35"/>
        <zone name="InfectedVillage" smin="0" smax="0" dmin="2" dmax="4" x="4095.49" z="6986.49" r="25"/>
        <zone name="InfectedVillage" smin="0" smax="0" dmin="2" dmax="4" x="4146.91" z="7059.54" r="50"/>
        <!--   WEST HYDESWOR  -->
        <zone name="InfectedVillage" smin="0" smax="0" dmin="2" dmax="3" x="1169.52" z="7061.85" r="25"/>
        <zone name="InfectedVillage" smin="0" smax="0" dmin="3" dmax="5" x="1074.94" z="7068.36" r="35"/>
        <zone name="InfectedVillage" smin="0" smax="0" dmin="3" dmax="5" x="997.42" z="6974.10" r="45"/>
        <zone name="InfectedVillage" smin="0" smax="0" dmin="3" dmax="5" x="979.73" z="7067.38" r="35"/>
        <!--   BARRINGTON SLUMS  -->
        <zone name="InfectedVillage" smin="0" smax="0" dmin="2" dmax="3" x="4743.26" z="8812.15" r="25"/>
        <zone name="InfectedVillage" smin="0" smax="0" dmin="3" dmax="5" x="4738.77" z="8746.51" r="30"/>
        <!--   BEER GARDENS  -->
        <zone name="InfectedVillage" smin="0" smax="0" dmin="2" dmax="4" x="5322.59" z="501.44" r="35"/>
        <zone name="InfectedVillage" smin="0" smax="0" dmin="3" dmax="5" x="5316.92" z="535.62" r="25"/>
        <zone name="InfectedVillage" smin="0" smax="0" dmin="3" dmax="5" x="5278.79" z="545.72" r="20"/>
        <!--   WARNEFORD  -->
        <zone name="InfectedVillage" smin="0" smax="0" dmin="3" dmax="5" x="9125.93" z="4085.47" r="35"/>
        <zone name="InfectedVillage" smin="0" smax="0" dmin="3" dmax="5" x="9126.17" z="3935.36" r="30"/>
        <zone name="InfectedVillage" smin="0" smax="0" dmin="3" dmax="5" x="9302.96" z="3953.22" r="30"/>
        <zone name="InfectedVillage" smin="0" smax="0" dmin="3" dmax="5" x="9046.37" z="3860.11" r="30"/>

        <!--   LABYRINTH  -->
        <zone name="InfectedVillage" smin="0" smax="0" dmin="2" dmax="4" x="8893.66" z="1662.84" r="25"/>
        <zone name="InfectedVillage" smin="0" smax="0" dmin="3" dmax="5" x="8660.64" z="1943.13" r="25"/>
        <zone name="InfectedVillage" smin="0" smax="0" dmin="3" dmax="5" x="9123.10" z="1975.85" r="25"/>
        <zone name="InfectedVillage" smin="0" smax="0" dmin="4" dmax="6" x="9009.20" z="2134.61" r="25"/>
        <zone name="InfectedVillage" smin="0" smax="0" dmin="3" dmax="5" x="8734.02" z="1729.01" r="25"/>

        <zone name="InfectedVillage" smin="0" smax="0" dmin="3" dmax="5" x="8938.88" z="2005.45" r="30"/>
        <zone name="InfectedVillage" smin="0" smax="0" dmin="3" dmax="5" x="8995.88" z="1943.31" r="30"/>

        <!--  THISWAY    -->
        <zone name="InfectedVillage" smin="0" smax="0" dmin="2" dmax="3" x="1877.36" z="3286.73" r="40"/>
        <zone name="InfectedVillage" smin="0" smax="0" dmin="2" dmax="3" x="1949.01" z="3298.91" r="40"/>

        <!--  THATWAY    -->
        <zone name="InfectedVillage" smin="0" smax="0" dmin="3" dmax="4" x="2012/30" z="2954.78" r="40"/>
        <zone name="InfectedVillage" smin="0" smax="0" dmin="3" dmax="4" x="2061.63" z="2903.20" r="40"/>
		
		<!--  ZOMBIE XING    -->
        <zone name="InfectedVillage" smin="0" smax="0" dmin="3" dmax="4" x="1332.90" z="2750.99" r="40"/>
        <zone name="InfectedVillage" smin="0" smax="0" dmin="3" dmax="4" x="1280.74" z="2556.56" r="40"/>
        <zone name="InfectedVillage" smin="0" smax="0" dmin="3" dmax="4" x="1190.86" z="2432.29" r="40"/>
        <zone name="InfectedVillage" smin="0" smax="0" dmin="3" dmax="4" x="1018.06" z="2195.76" r="40"/>
        <zone name="InfectedVillage" smin="0" smax="0" dmin="3" dmax="4" x="790.95" z="2012.94" r="40"/>
        <zone name="InfectedVillage" smin="0" smax="0" dmin="3" dmax="4" x="587.51" z="1613.29" r="40"/>
		
		<!--  SOUTH SHIP WRECKS   -->
        <zone name="InfectedVillage" smin="0" smax="0" dmin="4" dmax="6" x="6356.47" z="433.12" r="45"/>
		
		<!--  New Areas  0.99   -->
        <zone name="InfectedVillage" smin="0" smax="0" dmin="2" dmax="4" x="918.98" z="5946.17" r="30"/>
        <zone name="InfectedVillage" smin="0" smax="0" dmin="2" dmax="4" x="1884.96" z="7630.90" r="30"/>
        <zone name="InfectedVillage" smin="0" smax="0" dmin="3" dmax="5" x="5869.91" z="6600.35" r="40"/>
        <zone name="InfectedVillage" smin="0" smax="0" dmin="3" dmax="5" x="7676.52" z="501.66" r="35"/>
        <zone name="InfectedVillage" smin="0" smax="0" dmin="2" dmax="4" x="7227.74" z="823.03" r="30"/>
        <zone name="InfectedVillage" smin="0" smax="0" dmin="2" dmax="4" x="2157.96" z="7929.99" r="35"/>
        <zone name="InfectedVillage" smin="0" smax="0" dmin="3" dmax="5" x="4875.99" z="422.35" r="40"/>
        <zone name="InfectedVillage" smin="0" smax="0" dmin="2" dmax="3" x="7168.04" z="6060.26" r="35"/>
        <zone name="InfectedVillage" smin="0" smax="0" dmin="2" dmax="3" x="7510.04" z="5904.04" r="35"/>
        <zone name="InfectedVillage" smin="0" smax="0" dmin="2" dmax="4" x="3461.39" z="5277.68" r="35"/>
        <zone name="InfectedVillage" smin="0" smax="0" dmin="2" dmax="3" x="2534.81" z="6229.80" r="30"/>
        <zone name="InfectedVillage" smin="0" smax="0" dmin="2" dmax="3" x="2651.66" z="6203.92" r="30"/>
        <zone name="InfectedVillage" smin="0" smax="0" dmin="2" dmax="4" x="1505.70" z="243.38" r="40"/>
        <zone name="InfectedVillage" smin="0" smax="0" dmin="2" dmax="4" x="1938.95" z="245.01" r="40"/>
        <zone name="InfectedVillage" smin="0" smax="0" dmin="2" dmax="4" x="2431.03" z="327.87" r="40"/>
        <zone name="InfectedVillage" smin="0" smax="0" dmin="2" dmax="4" x="2506.63" z="462.55" r="40"/>
        <zone name="InfectedVillage" smin="0" smax="0" dmin="2" dmax="3" x="1966.96" z="6659.63" r="35"/>
        <zone name="InfectedVillage" smin="0" smax="0" dmin="3" dmax="5" x="2545.57" z="2459.34" r="35"/>
        <zone name="InfectedVillage" smin="0" smax="0" dmin="2" dmax="4" x="9465.92" z="2515.17" r="30"/>
        <zone name="InfectedVillage" smin="0" smax="0" dmin="2" dmax="3" x="4138.92" z="2804.67" r="30"/>
        <zone name="InfectedVillage" smin="0" smax="0" dmin="2" dmax="4" x="4309.99" z="1850.16" r="35"/>
		
		<!--  Oliver Island    -->
        <zone name="InfectedVillage" smin="0" smax="0" dmin="3" dmax="5" x="8300.16" z="4026.59" r="30"/>
		
		<!--  Small Island    -->
        <zone name="InfectedVillage" smin="0" smax="0" dmin="3" dmax="5" x="4325.68" z="2559.25" r="30"/>
		
		<!--  Intersection West of Factory    -->
        <zone name="InfectedVillage" smin="0" smax="0" dmin="3" dmax="5" x="1980.24" z="7583.62" r="30"/>

		<!--  River Side    -->
        <zone name="InfectedVillage" smin="0" smax="0" dmin="3" dmax="5" x="2892.43" z="1582.10" r="30"/>
        <zone name="InfectedVillage" smin="0" smax="0" dmin="3" dmax="5" x="3065.47" z="1411.89" r="30"/>

        <!--  Big Island    -->
        <zone name="InfectedVillage" smin="0" smax="0" dmin="3" dmax="5" x="5175.35" z="2737.36" r="30"/>
        <zone name="InfectedVillage" smin="0" smax="0" dmin="3" dmax="5" x="5235.02" z="2605.26" r="30"/>
        <zone name="InfectedVillage" smin="0" smax="0" dmin="3" dmax="5" x="4968.49" z="2578.02" r="30"/>
        <zone name="InfectedVillage" smin="0" smax="0" dmin="3" dmax="5" x="4836.86" z="2702.77" r="30"/>
        <zone name="InfectedVillage" smin="0" smax="0" dmin="3" dmax="5" x="4824.04" z="2916.42" r="30"/>
        <zone name="InfectedVillage" smin="0" smax="0" dmin="3" dmax="5" x="4989.45" z="2991.73" r="30"/>
        <zone name="InfectedVillage" smin="0" smax="0" dmin="3" dmax="5" x="5109.18" z="2917.14" r="30"/>
        

        <!--  NEW SPAWNS   -->

        <zone name="InfectedVillage" smin="0" smax="0" dmin="3" dmax="5" x="6431.98" z="6386.17" r="35"/>
        <zone name="InfectedVillage" smin="0" smax="0" dmin="3" dmax="5" x="6323.54" z="6317.32" r="35"/>
        <zone name="InfectedVillage" smin="0" smax="0" dmin="4" dmax="6" x="7187.74" z="6060.46" r="35"/>
 </territory>



<territory color="1910952871">
        <!--         SOLITUDE            -->
        <!--   LAX SHED       -->
        <zone name="InfectedSolitude" smin="0" smax="0" dmin="3" dmax="5" x="3017.14" z="10002.37" r="35"/>
        <!-- Lil Farm -->
        <zone name="InfectedSolitude" smin="0" smax="0" dmin="4" dmax="6" x="7140.02" z="9751.01" r="50"/>
       <!--     OLIVER        -->
       <zone name="InfectedSolitude" smin="0" smax="0" dmin="1" dmax="3" x="6263.34" z="4370.29" r="20"/>
        <!--   OVERGROWN CABINS       -->
        <zone name="InfectedSolitude" smin="0" smax="0" dmin="3" dmax="5" x="7360.05" z="7880.30" r="30"/>
        <zone name="InfectedSolitude" smin="0" smax="0" dmin="3" dmax="5" x="7297.66" z="8111.36" r="30"/>
        <zone name="InfectedSolitude" smin="0" smax="0" dmin="3" dmax="5" x="7194.86" z="8082.04" r="30"/>
        <zone name="InfectedSolitude" smin="0" smax="0" dmin="2" dmax="4" x="7293.34" z="8038.89" r="30"/>
        <!--   RESEARCH FACILITY  -->
        <zone name="InfectedSolitude" smin="0" smax="0" dmin="1" dmax="2" x="6655.56" z="2840.57" r="1"/>
        <!-- Survivor Settlement -->
        <zone name="InfectedSolitude" smin="0" smax="0" dmin="4" dmax="6" x="6257.56" z="7825.13" r="40"/>
        <!--    SWAMP       -->
        <zone name="InfectedSolitude" smin="0" smax="0" dmin="2" dmax="4" x="2555.42" z="4432.34" r="25"/>
        <zone name="InfectedSolitude" smin="0" smax="0" dmin="2" dmax="4" x="2791.15" z="4504.32" r="25"/>
        <zone name="InfectedSolitude" smin="0" smax="0" dmin="2" dmax="4" x="2533.10" z="4754.43" r="25"/>
        <!--     CASTLE         -->
        <zone name="InfectedSolitude" smin="0" smax="0" dmin="2" dmax="4" x="4426.10" z="5593.62" r="35"/>
        <zone name="InfectedSolitude" smin="0" smax="0" dmin="3" dmax="5" x="4423.96" z="5463.74" r="30"/>
       <zone name="InfectedSolitude" smin="0" smax="0" dmin="3" dmax="5" x="4406.29" z="5388.17" r="35"/>
        <!--  CABIN WEST OF M.I.C    -->
        <zone name="InfectedSolitude" smin="0" smax="0" dmin="2" dmax="4" x="2237.25" z="9266.66" r="35"/>
  <!-- BARRINGTON     -->
  <zone name="InfectedSolitude" smin="0" smax="0" dmin="3" dmax="4" x="4214.54" z="8856.53" r="20"/>
  <zone name="InfectedSolitude" smin="0" smax="0" dmin="3" dmax="4" x="4145.35" z="9593.37" r="35"/>

        <!-- Random Zombies -->
        <zone name="InfectedSolitude" smin="0" smax="0" dmin="2" dmax="4" x="8658.30" z="8367.51" r="50"/>
        <zone name="InfectedSolitude" smin="0" smax="0" dmin="2" dmax="4" x="8040.40" z="8219.40" r="50"/>
        <zone name="InfectedSolitude" smin="0" smax="0" dmin="2" dmax="4" x="7390.48" z="8097.61" r="50"/>
        <zone name="InfectedSolitude" smin="0" smax="0" dmin="2" dmax="4" x="7055.57" z="8297.56" r="50"/>
        <zone name="InfectedSolitude" smin="0" smax="0" dmin="2" dmax="4" x="7446.79" z="8460.25" r="50"/>
        <zone name="InfectedSolitude" smin="0" smax="0" dmin="2" dmax="4" x="7274.38" z="7121.50" r="50"/>
        <zone name="InfectedSolitude" smin="0" smax="0" dmin="2" dmax="4" x="5990.45" z="7231.10" r="50"/>
        <zone name="InfectedSolitude" smin="0" smax="0" dmin="2" dmax="4" x="5707.35" z="7146.81" r="50"/>
        <zone name="InfectedSolitude" smin="0" smax="0" dmin="2" dmax="4" x="4688.56" z="7266.33" r="50"/>
        <zone name="InfectedSolitude" smin="0" smax="0" dmin="2" dmax="4" x="4521.20" z="6818.96" r="50"/>
        <zone name="InfectedSolitude" smin="0" smax="0" dmin="2" dmax="4" x="4506.10" z="7280.10" r="50"/>
        <zone name="InfectedSolitude" smin="0" smax="0" dmin="2" dmax="4" x="5287.42" z="7087.83" r="50"/>
        <zone name="InfectedSolitude" smin="0" smax="0" dmin="2" dmax="4" x="3019.40" z="9999.04" r="50"/>
        <zone name="InfectedSolitude" smin="0" smax="0" dmin="2" dmax="4" x="3384.02" z="9584.11" r="50"/>
        <zone name="InfectedSolitude" smin="0" smax="0" dmin="2" dmax="4" x="3040.15" z="6901.24" r="50"/>
        <zone name="InfectedSolitude" smin="0" smax="0" dmin="2" dmax="4" x="3308.72" z="7121.01" r="50"/>
        <zone name="InfectedSolitude" smin="0" smax="0" dmin="2" dmax="4" x="5709.25" z="3744.19" r="50"/>
        <zone name="InfectedSolitude" smin="0" smax="0" dmin="2" dmax="4" x="8102.75" z="8971.81" r="50"/>
        <zone name="InfectedSolitude" smin="0" smax="0" dmin="2" dmax="4" x="6504.98" z="8278.43" r="50"/>
        <zone name="InfectedSolitude" smin="0" smax="0" dmin="2" dmax="4" x="6740.41" z="8020.02" r="50"/>
        <zone name="InfectedSolitude" smin="0" smax="0" dmin="2" dmax="4" x="6143.68" z="7246.64" r="50"/>
        <zone name="InfectedSolitude" smin="0" smax="0" dmin="2" dmax="4" x="5152.51" z="7072.14" r="50"/>
        <zone name="InfectedSolitude" smin="0" smax="0" dmin="2" dmax="4" x="6535.75" z="9629.75" r="50"/>
        <zone name="InfectedSolitude" smin="0" smax="0" dmin="2" dmax="4" x="2551.27" z="7137.99" r="50"/>
        <zone name="InfectedSolitude" smin="0" smax="0" dmin="2" dmax="4" x="8262.67" z="8418.99" r="50"/>
        <zone name="InfectedSolitude" smin="0" smax="0" dmin="2" dmax="4" x="2977.44" z="1047.33" r="35"/>
</territory>

        <!--         RELIGIOUS            -->
    <territory color="1291845632">
<!--   WEST HYDESWOR  -->
<zone name="InfectedReligious" smin="0" smax="0" dmin="2" dmax="3" x="845.37" z="7209.57" r="30"/>
  <!-- BARRINGTON     -->
  <zone name="InfectedReligious" smin="0" smax="0" dmin="3" dmax="4" x="4788.82" z="9228.53" r="30"/>
  <!--  BAILEY  -->
  <zone name="InfectedReligious" smin="0" smax="0" dmin="2" dmax="3" x="9876.19" z="541.42" r="20"/>
    </territory>

    <territory color="4287731209">
        <zone name="InfectedCityTier1" smin="0" smax="0" dmin="4" dmax="6" x="12111.7" z="9805" r="70"/>
    </territory>

    <territory color="3870921329">
        <zone name="InfectedVillageTier1" smin="0" smax="0" dmin="8" dmax="12" x="12913.3" z="8020" r="80"/>
    </territory>

    <territory color="1289674462">
 <!-- MILITARY PRISON     -->
        <zone name="InfectedPrisoner" smin="0" smax="0" dmin="2" dmax="3" x="3720.37" z="3938.91" r="25"/> 
        <zone name="InfectedPrisoner" smin="0" smax="0" dmin="2" dmax="3" x="3733.84" z="3938.91" r="25"/> 
    </territory>

</territory-type>
