{
    "loglevel": 0,
    "BubakLocations": [
        {
            "name": "ProlabZ_Trigger_1",
            "workinghours": "0-24",
            "triggerdependency": [],
            "triggerpos": "159.53 35.10 3108.39",
            "triggermins": "-0.5 -1 -0.5",
            "triggermaxs": "1 1 1",
            "triggerradius": 2.0,
            "triggercylradius": 0.0,
            "triggercylheight": 0.0,
            "notification": "",
            "notificationtime": 2,
            "triggerdelay": 0,
            "spawnerpos": [
                "296.01 34.97 3053.35",
                "290.55 34.97 3110.69",
                "250.44 34.98 3057.27",
                "242.88 26.87 2985.96",
                "335.26 22.56 2987.58",
                "290.41 22.55 2976.05",
                "215.92 29.25 3015.48",
                "200.48 11.01 3082.72",
                "228.93 11.01 3048.99",
                "229.01 23.96 3000.48",
                "321.42 18.66 3141.62",
                "237.21 14.79 3165.37",
                "129.38 14.74 3062.19",
                "212.60 14.79 2934.27",
                "328.08 14.79 2922.57",
                "438.53 14.55 3125.43"
            ],
            "spawnradius": 3.0,
            "bubaknum": 1,
            "onlyfilluptobubaknum": 1,
            "itemrandomdmg": 0,
            "bubaci": [
                "ZmbM_ClerkFat_White",
                "ZmbM_SoldierNormal",
                "ZmbF_NurseFat",
                "ZmbF_ParamedicNormal_Green",
                "ZmbM_DoctorFat",
                "ZmbM_NBC_Yellow",
                "ZmbM_NBC_Grey",
                "ZmbM_usSoldier_Heavy_Woodland",
                "ZmbM_usSoldier_normal_Woodland",
                "ZmbM_usSoldier_Officer_Desert",
                "ZmbM_usSoldier_Officer_Desert"
            ],
            "bubakinventory": []
        },
        {
            "name": "ProlabZ_Trigger_2",
            "workinghours": "0-24",
            "triggerdependency": [],
            "triggerpos": "157.55 35.10 3086.36",
            "triggermins": "-0.5 -1 -0.5",
            "triggermaxs": "1 1 1",
            "triggerradius": 2.0,
            "triggercylradius": 0.0,
            "triggercylheight": 0.0,
            "notification": "",
            "notificationtime": 2,
            "triggerdelay": 0,
            "spawnerpos": [
                "296.01 34.97 3053.35",
                "290.55 34.97 3110.69",
                "250.44 34.98 3057.27",
                "242.88 26.87 2985.96",
                "335.26 22.56 2987.58",
                "290.41 22.55 2976.05",
                "215.92 29.25 3015.48",
                "200.48 11.01 3082.72",
                "228.93 11.01 3048.99",
                "229.01 23.96 3000.48",
                "321.42 18.66 3141.62",
                "237.21 14.79 3165.37",
                "129.38 14.74 3062.19",
                "377.50 14.42 3220.76",
                "259.59 14.64 3183.01"
            ],
            "spawnradius": 3.0,
            "bubaknum": 1,
            "onlyfilluptobubaknum": 1,
            "itemrandomdmg": 0,
            "bubaci": [
                "ZmbM_ClerkFat_White",
                "ZmbM_SoldierNormal",
                "ZmbF_NurseFat",
                "ZmbF_ParamedicNormal_Green",
                "ZmbM_DoctorFat",
                "ZmbM_NBC_Yellow",
                "ZmbM_NBC_Grey",
                "ZmbM_usSoldier_Heavy_Woodland",
                "ZmbM_usSoldier_normal_Woodland",
                "ZmbM_usSoldier_Officer_Desert",
                "ZmbM_usSoldier_Officer_Desert"
            ],
            "bubakinventory": []
        },
        {
            "name": "ProlabZ_Trigger_3",
            "workinghours": "0-24",
            "triggerdependency": [],
            "triggerpos": "158.94 23.96 3030.64",
            "triggermins": "-0.5 -1 -0.5",
            "triggermaxs": "1 1 1",
            "triggerradius": 2.0,
            "triggercylradius": 0.0,
            "triggercylheight": 0.0,
            "notification": "",
            "notificationtime": 2,
            "triggerdelay": 0,
            "spawnerpos": [
                "296.01 34.97 3053.35",
                "290.55 34.97 3110.69",
                "250.44 34.98 3057.27",
                "242.88 26.87 2985.96",
                "335.26 22.56 2987.58",
                "290.41 22.55 2976.05",
                "215.92 29.25 3015.48",
                "200.48 11.01 3082.72",
                "228.93 11.01 3048.99",
                "229.01 23.96 3000.48",
                "321.42 18.66 3141.62",
                "237.21 14.79 3165.37",
                "328.08 14.79 2922.57",
                "438.53 14.55 3125.43",
                "377.50 14.42 3220.76",
                "259.59 14.64 3183.01"
            ],
            "spawnradius": 3.0,
            "bubaknum": 1,
            "onlyfilluptobubaknum": 1,
            "itemrandomdmg": 0,
            "bubaci": [
                "ZmbM_ClerkFat_White",
                "ZmbM_SoldierNormal",
                "ZmbF_NurseFat",
                "ZmbF_ParamedicNormal_Green",
                "ZmbM_DoctorFat",
                "ZmbM_NBC_Yellow",
                "ZmbM_NBC_Grey",
                "ZmbM_usSoldier_Heavy_Woodland",
                "ZmbM_usSoldier_normal_Woodland",
                "ZmbM_usSoldier_Officer_Desert",
                "ZmbM_usSoldier_Officer_Desert"
            ],
            "bubakinventory": []
        },
        {
            "name": "ProlabZ_Trigger_4",
            "workinghours": "0-24",
            "triggerdependency": [],
            "triggerpos": "156.36 23.96 3000.06",
            "triggermins": "-0.5 -1 -0.5",
            "triggermaxs": "1 1 1",
            "triggerradius": 2.0,
            "triggercylradius": 0.0,
            "triggercylheight": 0.0,
            "notification": "",
            "notificationtime": 2,
            "triggerdelay": 0,
            "spawnerpos": [
                "296.01 34.97 3053.35",
                "290.55 34.97 3110.69",
                "250.44 34.98 3057.27",
                "242.88 26.87 2985.96",
                "335.26 22.56 2987.58",
                "290.41 22.55 2976.05",
                "215.92 29.25 3015.48",
                "200.48 11.01 3082.72",
                "228.93 11.01 3048.99",
                "259.59 14.64 3183.01"
            ],
            "spawnradius": 3.0,
            "bubaknum": 1,
            "onlyfilluptobubaknum": 1,
            "itemrandomdmg": 0,
            "bubaci": [
                "ZmbM_ClerkFat_White",
                "ZmbM_SoldierNormal",
                "ZmbF_NurseFat",
                "ZmbF_ParamedicNormal_Green",
                "ZmbM_DoctorFat",
                "ZmbM_NBC_Yellow",
                "ZmbM_NBC_Grey",
                "ZmbM_usSoldier_Heavy_Woodland",
                "ZmbM_usSoldier_normal_Woodland",
                "ZmbM_usSoldier_Officer_Desert",
                "ZmbM_usSoldier_Officer_Desert"
            ],
            "bubakinventory": []
        },
        {
            "name": "ProlabZ_Trigger_5",
            "workinghours": "0-24",
            "triggerdependency": [],
            "triggerpos": "186.42 23.96 2999.57",
            "triggermins": "-0.5 -1 -0.5",
            "triggermaxs": "1 1 1",
            "triggerradius": 2.0,
            "triggercylradius": 0.0,
            "triggercylheight": 0.0,
            "notification": "",
            "notificationtime": 2,
            "triggerdelay": 0,
            "spawnerpos": [
                "237.21 14.79 3165.37",
                "129.38 14.74 3062.19",
                "212.60 14.79 2934.27",
                "328.08 14.79 2922.57",
                "438.53 14.55 3125.43",
                "377.50 14.42 3220.76",
                "259.59 14.64 3183.01"
            ],
            "spawnradius": 3.0,
            "bubaknum": 1,
            "onlyfilluptobubaknum": 1,
            "itemrandomdmg": 0,
            "bubaci": [
                "ZmbM_ClerkFat_White",
                "ZmbM_SoldierNormal",
                "ZmbF_NurseFat",
                "ZmbF_ParamedicNormal_Green",
                "ZmbM_DoctorFat",
                "ZmbM_NBC_Yellow",
                "ZmbM_NBC_Grey",
                "ZmbM_usSoldier_Heavy_Woodland",
                "ZmbM_usSoldier_normal_Woodland",
                "ZmbM_usSoldier_Officer_Desert",
                "ZmbM_usSoldier_Officer_Desert"
            ],
            "bubakinventory": []
        },
        {
            "name": "ProlabZ_Trigger_6",
            "workinghours": "0-24",
            "triggerdependency": [],
            "triggerpos": "422.56 29.30 3001.39",
            "triggermins": "-0.5 -1 -0.5",
            "triggermaxs": "1 1 1",
            "triggerradius": 2.0,
            "triggercylradius": 0.0,
            "triggercylheight": 0.0,
            "notification": "",
            "notificationtime": 2,
            "triggerdelay": 0,
            "spawnerpos": [
                "242.88 26.87 2985.96",
                "335.26 22.56 2987.58",
                "290.41 22.55 2976.05",
                "228.93 11.01 3048.99",
                "321.42 18.66 3141.62",
                "237.21 14.79 3165.37",
                "129.38 14.74 3062.19"
            ],
            "spawnradius": 3.0,
            "bubaknum": 1,
            "onlyfilluptobubaknum": 1,
            "itemrandomdmg": 0,
            "bubaci": [
                "ZmbM_ClerkFat_White",
                "ZmbM_SoldierNormal",
                "ZmbF_NurseFat",
                "ZmbF_ParamedicNormal_Green",
                "ZmbM_DoctorFat",
                "ZmbM_NBC_Yellow",
                "ZmbM_NBC_Grey",
                "ZmbM_usSoldier_Heavy_Woodland",
                "ZmbM_usSoldier_normal_Woodland",
                "ZmbM_usSoldier_Officer_Desert",
                "ZmbM_usSoldier_Officer_Desert"
            ],
            "bubakinventory": []
        },
        {
            "name": "ProlabZ_Trigger_7",
            "workinghours": "0-24",
            "triggerdependency": [],
            "triggerpos": "399.05 29.30 3008.17",
            "triggermins": "-0.5 -1 -0.5",
            "triggermaxs": "1 1 1",
            "triggerradius": 2.0,
            "triggercylradius": 0.0,
            "triggercylheight": 0.0,
            "notification": "",
            "notificationtime": 2,
            "triggerdelay": 0,
            "spawnerpos": [
                "296.01 34.97 3053.35",
                "290.55 34.97 3110.69",
                "242.88 26.87 2985.96",
                "335.26 22.56 2987.58",
                "215.92 29.25 3015.48",
                "321.42 18.66 3141.62",
                "328.08 14.79 2922.57",
                "259.59 14.64 3183.01"
            ],
            "spawnradius": 3.0,
            "bubaknum": 1,
            "onlyfilluptobubaknum": 1,
            "itemrandomdmg": 0,
            "bubaci": [
                "ZmbM_ClerkFat_White",
                "ZmbM_SoldierNormal",
                "ZmbF_NurseFat",
                "ZmbF_ParamedicNormal_Green",
                "ZmbM_DoctorFat",
                "ZmbM_NBC_Yellow",
                "ZmbM_NBC_Grey",
                "ZmbM_usSoldier_Heavy_Woodland",
                "ZmbM_usSoldier_normal_Woodland",
                "ZmbM_usSoldier_Officer_Desert",
                "ZmbM_usSoldier_Officer_Desert"
            ],
            "bubakinventory": []
        },
        {
            "name": "ProlabZ_Trigger_8",
            "workinghours": "0-24",
            "triggerdependency": [],
            "triggerpos": "204.63 23.96 2973.30",
            "triggermins": "-0.5 -1 -0.5",
            "triggermaxs": "1 1 1",
            "triggerradius": 2.0,
            "triggercylradius": 0.0,
            "triggercylheight": 0.0,
            "notification": "",
            "notificationtime": 2,
            "triggerdelay": 0,
            "spawnerpos": [
                "296.01 34.97 3053.35",
                "290.55 34.97 3110.69",
                "250.44 34.98 3057.27",
                "242.88 26.87 2985.96",
                "335.26 22.56 2987.58",
                "328.08 14.79 2922.57",
                "438.53 14.55 3125.43",
                "377.50 14.42 3220.76",
                "259.59 14.64 3183.01"
            ],
            "spawnradius": 3.0,
            "bubaknum": 1,
            "onlyfilluptobubaknum": 1,
            "itemrandomdmg": 0,
            "bubaci": [
                "ZmbM_ClerkFat_White",
                "ZmbM_SoldierNormal",
                "ZmbF_NurseFat",
                "ZmbF_ParamedicNormal_Green",
                "ZmbM_DoctorFat",
                "ZmbM_NBC_Yellow",
                "ZmbM_NBC_Grey",
                "ZmbM_usSoldier_Heavy_Woodland",
                "ZmbM_usSoldier_normal_Woodland",
                "ZmbM_usSoldier_Officer_Desert",
                "ZmbM_usSoldier_Officer_Desert"
            ],
            "bubakinventory": []
        },
        {
            "name": "ProlabZ_Trigger_9",
            "workinghours": "0-24",
            "triggerdependency": [],
            "triggerpos": "250.69 26.87 2961.50",
            "triggermins": "-0.5 -1 -0.5",
            "triggermaxs": "1 1 1",
            "triggerradius": 2.0,
            "triggercylradius": 0.0,
            "triggercylheight": 0.0,
            "notification": "",
            "notificationtime": 2,
            "triggerdelay": 0,
            "spawnerpos": [
                "296.01 34.97 3053.35",
                "290.55 34.97 3110.69",
                "215.92 29.25 3015.48",
                "200.48 11.01 3082.72",
                "228.93 11.01 3048.99",
                "229.01 23.96 3000.48",
                "321.42 18.66 3141.62",
                "212.60 14.79 2934.27",
                "328.08 14.79 2922.57"
            ],
            "spawnradius": 3.0,
            "bubaknum": 1,
            "onlyfilluptobubaknum": 1,
            "itemrandomdmg": 0,
            "bubaci": [
                "ZmbM_ClerkFat_White",
                "ZmbM_SoldierNormal",
                "ZmbF_NurseFat",
                "ZmbF_ParamedicNormal_Green",
                "ZmbM_DoctorFat",
                "ZmbM_NBC_Yellow",
                "ZmbM_NBC_Grey",
                "ZmbM_usSoldier_Heavy_Woodland",
                "ZmbM_usSoldier_normal_Woodland",
                "ZmbM_usSoldier_Officer_Desert",
                "ZmbM_usSoldier_Officer_Desert"
            ],
            "bubakinventory": []
        },
        {
            "name": "ProlabZ_Trigger_10",
            "workinghours": "0-24",
            "triggerdependency": [],
            "triggerpos": "208.66 11.00 3081.20",
            "triggermins": "-0.5 -1 -0.5",
            "triggermaxs": "1 1 1",
            "triggerradius": 2.0,
            "triggercylradius": 0.0,
            "triggercylheight": 0.0,
            "notification": "",
            "notificationtime": 2,
            "triggerdelay": 0,
            "spawnerpos": [
                "290.41 22.55 2976.05",
                "215.92 29.25 3015.48",
                "200.48 11.01 3082.72",
                "228.93 11.01 3048.99",
                "229.01 23.96 3000.48",
                "237.21 14.79 3165.37",
                "129.38 14.74 3062.19",
                "438.53 14.55 3125.43",
                "377.50 14.42 3220.76",
                "259.59 14.64 3183.01"
            ],
            "spawnradius": 3.0,
            "bubaknum": 1,
            "onlyfilluptobubaknum": 1,
            "itemrandomdmg": 0,
            "bubaci": [
                "ZmbM_ClerkFat_White",
                "ZmbM_SoldierNormal",
                "ZmbF_NurseFat",
                "ZmbF_ParamedicNormal_Green",
                "ZmbM_DoctorFat",
                "ZmbM_NBC_Yellow",
                "ZmbM_NBC_Grey",
                "ZmbM_usSoldier_Heavy_Woodland",
                "ZmbM_usSoldier_normal_Woodland",
                "ZmbM_usSoldier_Officer_Desert",
                "ZmbM_usSoldier_Officer_Desert"
            ],
            "bubakinventory": []
        },
        {
            "name": "ProlabZ_Trigger_11",
            "workinghours": "0-24",
            "triggerdependency": [],
            "triggerpos": "192.50 17.63 2974.78",
            "triggermins": "-0.5 -1 -0.5",
            "triggermaxs": "1 1 1",
            "triggerradius": 2.0,
            "triggercylradius": 0.0,
            "triggercylheight": 0.0,
            "notification": "",
            "notificationtime": 2,
            "triggerdelay": 0,
            "spawnerpos": [
                "296.01 34.97 3053.35",
                "290.55 34.97 3110.69",
                "200.48 11.01 3082.72",
                "228.93 11.01 3048.99",
                "229.01 23.96 3000.48",
                "321.42 18.66 3141.62",
                "259.59 14.64 3183.01"
            ],
            "spawnradius": 3.0,
            "bubaknum": 1,
            "onlyfilluptobubaknum": 1,
            "itemrandomdmg": 0,
            "bubaci": [
                "ZmbM_ClerkFat_White",
                "ZmbM_SoldierNormal",
                "ZmbF_NurseFat",
                "ZmbF_ParamedicNormal_Green",
                "ZmbM_DoctorFat",
                "ZmbM_NBC_Yellow",
                "ZmbM_NBC_Grey",
                "ZmbM_usSoldier_Heavy_Woodland",
                "ZmbM_usSoldier_normal_Woodland",
                "ZmbM_usSoldier_Officer_Desert",
                "ZmbM_usSoldier_Officer_Desert"
            ],
            "bubakinventory": []
        },
        {
            "name": "ProlabZ_Trigger_12",
            "workinghours": "0-24",
            "triggerdependency": [],
            "triggerpos": "343.12 22.64 2962.79",
            "triggermins": "-0.5 -1 -0.5",
            "triggermaxs": "1 1 1",
            "triggerradius": 2.0,
            "triggercylradius": 0.0,
            "triggercylheight": 0.0,
            "notification": "",
            "notificationtime": 2,
            "triggerdelay": 0,
            "spawnerpos": [
                "296.01 34.97 3053.35",
                "290.55 34.97 3110.69",
                "335.26 22.56 2987.58",
                "290.41 22.55 2976.05",
                "215.92 29.25 3015.48",
                "321.42 18.66 3141.62",
                "237.21 14.79 3165.37",
                "129.38 14.74 3062.19"
            ],
            "spawnradius": 3.0,
            "bubaknum": 1,
            "onlyfilluptobubaknum": 1,
            "itemrandomdmg": 0,
            "bubaci": [
                "ZmbM_ClerkFat_White",
                "ZmbM_SoldierNormal",
                "ZmbF_NurseFat",
                "ZmbF_ParamedicNormal_Green",
                "ZmbM_DoctorFat",
                "ZmbM_NBC_Yellow",
                "ZmbM_NBC_Grey",
                "ZmbM_usSoldier_Heavy_Woodland",
                "ZmbM_usSoldier_normal_Woodland",
                "ZmbM_usSoldier_Officer_Desert",
                "ZmbM_usSoldier_Officer_Desert"
            ],
            "bubakinventory": []
        },
        {
            "name": "ProlabZ_Trigger_13",
            "workinghours": "0-24",
            "triggerdependency": [],
            "triggerpos": "330.33 47.16 3063.39",
            "triggermins": "-0.5 -1 -0.5",
            "triggermaxs": "1 1 1",
            "triggerradius": 2.0,
            "triggercylradius": 0.0,
            "triggercylheight": 0.0,
            "notification": "",
            "notificationtime": 2,
            "triggerdelay": 0,
            "spawnerpos": [
                "296.01 34.97 3053.35",
                "290.55 34.97 3110.69",
                "250.44 34.98 3057.27",
                "328.08 14.79 2922.57",
                "438.53 14.55 3125.43",
                "377.50 14.42 3220.76",
                "259.59 14.64 3183.01"
            ],
            "spawnradius": 3.0,
            "bubaknum": 1,
            "onlyfilluptobubaknum": 1,
            "itemrandomdmg": 0,
            "bubaci": [
                "ZmbM_ClerkFat_White",
                "ZmbM_SoldierNormal",
                "ZmbF_NurseFat",
                "ZmbF_ParamedicNormal_Green",
                "ZmbM_DoctorFat",
                "ZmbM_NBC_Yellow",
                "ZmbM_NBC_Grey",
                "ZmbM_usSoldier_Heavy_Woodland",
                "ZmbM_usSoldier_normal_Woodland",
                "ZmbM_usSoldier_Officer_Desert",
                "ZmbM_usSoldier_Officer_Desert"
            ],
            "bubakinventory": []
        },
        {
            "name": "ProlabZ_Trigger_14",
            "workinghours": "0-24",
            "triggerdependency": [],
            "triggerpos": "301.52 29.28 3028.67",
            "triggermins": "-0.5 -1 -0.5",
            "triggermaxs": "1 1 1",
            "triggerradius": 2.0,
            "triggercylradius": 0.0,
            "triggercylheight": 0.0,
            "notification": "",
            "notificationtime": 2,
            "triggerdelay": 0,
            "spawnerpos": [
                "290.55 34.97 3110.69",
                "250.44 34.98 3057.27",
                "242.88 26.87 2985.96",
                "129.38 14.74 3062.19",
                "212.60 14.79 2934.27",
                "328.08 14.79 2922.57",
                "377.50 14.42 3220.76",
                "259.59 14.64 3183.01"
            ],
            "spawnradius": 3.0,
            "bubaknum": 1,
            "onlyfilluptobubaknum": 1,
            "itemrandomdmg": 0,
            "bubaci": [
                "ZmbM_ClerkFat_White",
                "ZmbM_SoldierNormal",
                "ZmbF_NurseFat",
                "ZmbF_ParamedicNormal_Green",
                "ZmbM_DoctorFat",
                "ZmbM_NBC_Yellow",
                "ZmbM_NBC_Grey",
                "ZmbM_usSoldier_Heavy_Woodland",
                "ZmbM_usSoldier_normal_Woodland",
                "ZmbM_usSoldier_Officer_Desert",
                "ZmbM_usSoldier_Officer_Desert"
            ],
            "bubakinventory": []
        }
    ]
}