<?xml version="1.0" encoding="UTF-8"?>
<!--DayZ CE tool project file-->
<zg-config>
    <!--GUI props-->
    <selected row="0"/>
    <global>
        <background file="Map.png" rgba="16777215"/>
        <layer size="4096"/>
        <world size="10240"/>
    </global>
    <areas>
        <usages>
            <usage name="Military"/>
            <usage name="Police"/>
            <usage name="Medic"/>
            <usage name="Firefighter"/>
            <usage name="Industrial"/>
            <usage name="Farm"/>
            <usage name="Coast"/>
            <usage name="Town"/>
            <usage name="Village"/>
            <usage name="Hunting"/>
            <usage name="Office"/>
            <usage name="School"/>
            <usage name="Prison"/>
            <usage name="SeasonalEvent"/>
            <usage name="ContaminatedArea"/>
            <usage name="Biergarten"/>
            <usage name="Labyrinth"/>
            <usage name="Bunker"/>
        </usages>
        <values>
            <value name="Tier1"/>
            <value name="Tier2"/>
            <value name="Tier3"/>
            <value name="Tier4"/>
            <value name="Tier5"/>
            <value name="Tier6"/>
        </values>
    </areas>
    <brush color="2164260863" outline="1" outline_color="2" outline_width="10" size="29"/>
    <!--Layers-->
    <layers>
        <layer usage_flags="0" value_flags="1" color="1711341567" visible="1" name="Tier1"/>
        <layer usage_flags="0" value_flags="2" color="1750466304" visible="1" name="Tier2"/>
        <layer usage_flags="0" value_flags="4" color="1711298047" visible="1" name="Tier3"/>
        <layer usage_flags="0" value_flags="8" color="1728031232" visible="1" name="Tier4"/>
        <layer usage_flags="0" value_flags="16" color="1727987839" visible="1" name="Tier5"/>
        <layer usage_flags="0" value_flags="32" color="1722417152" visible="1" name="Tier6"/>
        <layer usage_flags="16384" value_flags="0" color="1728053119" visible="1" name="ContaminatedArea"/>
        <layer usage_flags="32768" value_flags="0" color="1728009472" visible="1" name="Biergarten"/>
        <layer usage_flags="65536" value_flags="0" color="1722417407" visible="1" name="Labyrinth"/>
        <layer usage_flags="131072" value_flags="0" color="1722439039" visible="1" name="Bunker"/>
        <layer usage_flags="512" value_flags="0" color="2566957823" visible="1" name="Hunting"/>
        <layer usage_flags="1" value_flags="0" color="1302986752" visible="1" name="Military"/>
    </layers>
    <!--Territories-->
    <territory-type-list>
        <territory-type name="roe_deer_territories">
            <territory name="RoeDeer_Territory7" visible="1" color="1090576876">
                <zone name="Graze" smin="0" smax="0" dmin="0" dmax="0" x="2085.12" z="9055.55" r="50" d="2"/>
            </territory>
            <territory name="RoeDeer_Territory1" visible="1" color="1090576876">
                <zone name="Graze" smin="0" smax="0" dmin="0" dmax="0" x="2700" z="9001" r="55" d="2"/>
                <zone name="Graze" smin="0" smax="0" dmin="0" dmax="0" x="8815" z="7965" r="120" d="2"/>
                <zone name="Graze" smin="0" smax="0" dmin="0" dmax="0" x="3740" z="1625" r="90" d="2"/>
                <zone name="Graze" smin="0" smax="0" dmin="0" dmax="0" x="4425" z="655" r="90" d="2"/>
            </territory>
            <territory name="RoeDeer_Territory12" visible="1" color="1090576876">
                <zone name="Graze" smin="0" smax="0" dmin="0" dmax="0" x="2140.16" z="8125.42" r="50" d="2"/>
            </territory>
            <territory name="RoeDeer_Territory13" visible="1" color="1090576876">
                <zone name="Graze" smin="0" smax="0" dmin="0" dmax="0" x="867.87" z="7938.68" r="50" d="2"/>
            </territory>
            <territory name="RoeDeer_Territory2" visible="1" color="1090576876">
                <zone name="Graze" smin="0" smax="0" dmin="0" dmax="0" x="6678" z="9000" r="50" d="2"/>
                <zone name="Graze" smin="0" smax="0" dmin="0" dmax="0" x="9065" z="2750" r="90" d="2"/>
                <zone name="Graze" smin="0" smax="0" dmin="0" dmax="0" x="3345" z="510" r="90" d="2"/>
                <zone name="Graze" smin="0" smax="0" dmin="0" dmax="0" x="2420" z="2155" r="90" d="2"/>
            </territory>
            <territory name="RoeDeer_Territory3" visible="1" color="1090576876">
                <zone name="Graze" smin="0" smax="0" dmin="0" dmax="0" x="4215" z="6354" r="50" d="2"/>
                <zone name="Graze" smin="0" smax="0" dmin="0" dmax="0" x="315" z="3625" r="90" d="2"/>
                <zone name="Graze" smin="0" smax="0" dmin="0" dmax="0" x="180" z="215" r="90" d="2"/>
                <zone name="Graze" smin="0" smax="0" dmin="0" dmax="0" x="3735" z="1875" r="90" d="2"/>
            </territory>
            <territory name="RoeDeer_Territory8" visible="1" color="1090576876">
                <zone name="Graze" smin="0" smax="0" dmin="0" dmax="0" x="1000" z="7040" r="50" d="2"/>
            </territory>
            <territory name="RoeDeer_Territory9" visible="1" color="1090576876">
                <zone name="Graze" smin="0" smax="0" dmin="0" dmax="0" x="1036" z="5000" r="50" d="2"/>
            </territory>
            <territory name="RoeDeer_Territory14" visible="1" color="1090576876">
                <zone name="Graze" smin="0" smax="0" dmin="0" dmax="0" x="2789.7" z="9092.43" r="50" d="2"/>
                <zone name="Graze" smin="0" smax="0" dmin="0" dmax="0" x="5250" z="8870" r="90" d="2"/>
            </territory>
            <territory name="RoeDeer_Territory15" visible="1" color="1090576876">
                <zone name="Graze" smin="0" smax="0" dmin="0" dmax="0" x="4792.11" z="6043.69" r="50" d="2"/>
            </territory>
            <territory name="RoeDeer_Territory20" visible="1" color="1090576876">
                <zone name="Graze" smin="0" smax="0" dmin="0" dmax="0" x="4274.44" z="958.75" r="50" d="2"/>
            </territory>
            <territory name="RoeDeer_Territory21" visible="1" color="1090576876">
                <zone name="Graze" smin="0" smax="0" dmin="0" dmax="0" x="7985.53" z="1597.15" r="120" d="2"/>
            </territory>
            <territory name="RoeDeer_Territory10" visible="1" color="1090576876">
                <zone name="Graze" smin="0" smax="0" dmin="0" dmax="0" x="6040" z="3000" r="50" d="2"/>
            </territory>
            <territory name="RoeDeer_Territory11" visible="1" color="1090576876">
                <zone name="Graze" smin="0" smax="0" dmin="0" dmax="0" x="3780.11" z="6617.39" r="50" d="2"/>
            </territory>
            <territory name="RoeDeer_Territory17" visible="1" color="1090576876">
                <zone name="Graze" smin="0" smax="0" dmin="0" dmax="0" x="854.75" z="8003.1" r="50" d="2"/>
            </territory>
            <territory name="RoeDeer_Territory18" visible="1" color="1090576876">
                <zone name="Graze" smin="0" smax="0" dmin="0" dmax="0" x="1552.82" z="5492.21" r="55" d="2"/>
            </territory>
            <territory name="RoeDeer_Territory22" visible="1" color="1090576876">
                <zone name="Graze" smin="0" smax="0" dmin="0" dmax="0" x="8530.81" z="1082.6" r="120" d="2"/>
            </territory>
            <territory name="RoeDeer_Territory16" visible="1" color="1090576876">
                <zone name="Graze" smin="0" smax="0" dmin="0" dmax="0" x="1814.69" z="5232.39" r="50" d="2"/>
            </territory>
            <territory name="RoeDeer_Territory5" visible="1" color="1090576876">
                <zone name="Graze" smin="0" smax="0" dmin="0" dmax="0" x="6001.26" z="9023.72" r="50" d="2"/>
            </territory>
            <territory name="RoeDeer_Territory6" visible="1" color="1090576876">
                <zone name="Graze" smin="0" smax="0" dmin="0" dmax="0" x="3008.72" z="7053.06" r="50" d="2"/>
            </territory>
            <territory name="RoeDeer_Territory19" visible="1" color="1090576876">
                <zone name="Graze" smin="0" smax="0" dmin="0" dmax="0" x="836.32" z="1195.81" r="55" d="2"/>
            </territory>
            <territory name="RoeDeer_Territory4" visible="1" color="1090576876">
                <zone name="Graze" smin="0" smax="0" dmin="0" dmax="0" x="2000.26" z="8020.2" r="60" d="2"/>
            </territory>
        </territory-type>
        <territory-type name="wild_boar_territories">
            <territory name="wild_boar_territory8" visible="1" color="2841534046">
                <zone name="Graze" smin="0" smax="0" dmin="0" dmax="0" x="7075.27" z="7576.12" r="50" d="2"/>
            </territory>
            <territory name="wild_boar_territory9" visible="1" color="2841534046">
                <zone name="Graze" smin="0" smax="0" dmin="0" dmax="0" x="1385.39" z="7543.31" r="50" d="2"/>
            </territory>
            <territory name="wild_boar_territory6" visible="1" color="2841534046">
                <zone name="Graze" smin="0" smax="0" dmin="0" dmax="0" x="8260.84" z="9753.12" r="50" d="2"/>
            </territory>
            <territory name="wild_boar_territory7" visible="1" color="2841534046">
                <zone name="Graze" smin="0" smax="0" dmin="0" dmax="0" x="8469.52" z="7699.1" r="50" d="2"/>
            </territory>
            <territory name="wild_boar_territory2" visible="1" color="2841534046">
                <zone name="Graze" smin="0" smax="0" dmin="0" dmax="0" x="5574.97" z="9346.8" r="50" d="2"/>
                <zone name="Graze" smin="0" smax="0" dmin="0" dmax="0" x="9405" z="3605" r="70" d="2"/>
                <zone name="Graze" smin="0" smax="0" dmin="0" dmax="0" x="475" z="3480" r="70" d="2"/>
            </territory>
            <territory name="wild_boar_territory3" visible="1" color="2841534046">
                <zone name="Graze" smin="0" smax="0" dmin="0" dmax="0" x="4574.97" z="9346.8" r="50" d="2"/>
                <zone name="Graze" smin="0" smax="0" dmin="0" dmax="0" x="2065" z="9920" r="70" d="2"/>
                <zone name="Graze" smin="0" smax="0" dmin="0" dmax="0" x="2125" z="3130" r="70" d="2"/>
                <zone name="Graze" smin="0" smax="0" dmin="0" dmax="0" x="7325" z="8040" r="70" d="2"/>
            </territory>
            <territory name="wild_boar_territory14" visible="1" color="2841534046">
                <zone name="Graze" smin="0" smax="0" dmin="0" dmax="0" x="2236.65" z="9635.94" r="50" d="2"/>
            </territory>
            <territory name="wild_boar_territory15" visible="1" color="2841534046">
                <zone name="Graze" smin="0" smax="0" dmin="0" dmax="0" x="6498.93" z="2576.66" r="50" d="2"/>
                <zone name="Graze" smin="0" smax="0" dmin="0" dmax="0" x="1530" z="1080" r="70" d="2"/>
            </territory>
            <territory name="wild_boar_territory4" visible="1" color="2841534046">
                <zone name="Graze" smin="0" smax="0" dmin="0" dmax="0" x="6182.61" z="6899.94" r="50" d="2"/>
            </territory>
            <territory name="wild_boar_territory5" visible="1" color="2841534046">
                <zone name="Graze" smin="0" smax="0" dmin="0" dmax="0" x="5408.01" z="6750.61" r="50" d="2"/>
            </territory>
            <territory name="wild_boar_territory10" visible="1" color="2841534046">
                <zone name="Graze" smin="0" smax="0" dmin="0" dmax="0" x="2650.09" z="7832.68" r="50" d="2"/>
            </territory>
            <territory name="wild_boar_territory11" visible="1" color="2841534046">
                <zone name="Graze" smin="0" smax="0" dmin="0" dmax="0" x="1117.29" z="5878.52" r="50" d="2"/>
            </territory>
            <territory name="wild_boar_territory16" visible="1" color="2841534046">
                <zone name="Graze" smin="0" smax="0" dmin="0" dmax="0" x="1039.97" z="6238.97" r="50" d="2"/>
                <zone name="Graze" smin="0" smax="0" dmin="0" dmax="0" x="9310" z="9245" r="70" d="2"/>
                <zone name="Graze" smin="0" smax="0" dmin="0" dmax="0" x="3730" z="5145" r="70" d="2"/>
            </territory>
            <territory name="wild_boar_territory17" visible="1" color="2841534046">
                <zone name="Graze" smin="0" smax="0" dmin="0" dmax="0" x="2402.31" z="2281.72" r="50" d="2"/>
            </territory>
            <territory name="wild_boar_territory18" visible="1" color="2841534046">
                <zone name="Graze" smin="0" smax="0" dmin="0" dmax="0" x="7922.24" z="6168.41" r="50" d="2"/>
                <zone name="Graze" smin="0" smax="0" dmin="0" dmax="0" x="1710" z="5355" r="70" d="2"/>
                <zone name="Graze" smin="0" smax="0" dmin="0" dmax="0" x="6045" z="1235" r="70" d="2"/>
                <zone name="HuntingGround" smin="0" smax="0" dmin="0" dmax="0" x="5030" z="8500" r="80" d="2"/>
            </territory>
            <territory name="wild_boar_territory1" visible="1" color="2841534046">
                <zone name="Graze" smin="0" smax="0" dmin="0" dmax="0" x="6574.97" z="9346.8" r="50" d="2"/>
            </territory>
            <territory name="wild_boar_territory12" visible="1" color="2841534046">
                <zone name="Graze" smin="0" smax="0" dmin="0" dmax="0" x="6914.15" z="6976.72" r="50" d="2"/>
                <zone name="HuntingGround" smin="0" smax="0" dmin="0" dmax="0" x="3525" z="8820" r="80" d="2"/>
            </territory>
            <territory name="wild_boar_territory13" visible="1" color="2841534046">
                <zone name="Graze" smin="0" smax="0" dmin="0" dmax="0" x="8308.62" z="8742.95" r="50" d="2"/>
            </territory>
        </territory-type>
        <territory-type name="pig_territories">
            <territory name="Pig_FreshieFarm" visible="1" color="872381884">
                <zone name="Graze" smin="0" smax="0" dmin="0" dmax="0" x="9504.29" z="8438.57" r="50" d="2"/>
                <zone name="Graze" smin="0" smax="0" dmin="0" dmax="0" x="740" z="285" r="50" d="2"/>
            </territory>
            <territory name="Pig_LaxShed" visible="1" color="872381884">
                <zone name="Graze" smin="0" smax="0" dmin="0" dmax="0" x="3022" z="9981.82" r="50" d="2"/>
            </territory>
        </territory-type>
        <territory-type name="sheep_goat_territories">
            <territory name="Sheep_Territory4" visible="1" color="872412928">
                <zone name="Graze" smin="0" smax="0" dmin="0" dmax="0" x="6009.14" z="9765.13" r="100" d="2"/>
            </territory>
            <territory name="Sheep_Territory1" visible="1" color="872412928">
                <zone name="Rest" smin="0" smax="0" dmin="0" dmax="0" x="7100" z="9700" r="80" d="2"/>
            </territory>
            <territory name="Sheep_Territory2" visible="1" color="872412928">
                <zone name="Graze" smin="0" smax="0" dmin="0" dmax="0" x="7119.87" z="9711" r="80" d="2"/>
            </territory>
            <territory name="Sheep_Territory3" visible="1" color="872412928">
                <zone name="Rest" smin="0" smax="0" dmin="0" dmax="0" x="6010.14" z="9765.13" r="80" d="2"/>
            </territory>
        </territory-type>
        <territory-type name="cattle_territories">
            <territory name="cattle_westhydeswor" visible="1" color="864420070">
                <zone name="Graze" smin="0" smax="0" dmin="0" dmax="0" x="651" z="7167" r="60" d="2"/>
            </territory>
            <territory name="cattle_homestead" visible="1" color="864420070">
                <zone name="Graze" smin="0" smax="0" dmin="0" dmax="0" x="7659.38" z="7229.31" r="80" d="2"/>
            </territory>
            <territory name="cattle_greenville" visible="1" color="864420070">
                <zone name="Graze" smin="0" smax="0" dmin="0" dmax="0" x="6658.76" z="8652.89" r="80" d="2"/>
            </territory>
            <territory name="cattle_adderfield" visible="1" color="864420070">
                <zone name="Graze" smin="0" smax="0" dmin="0" dmax="0" x="1123" z="6011" r="60" d="2"/>
            </territory>
        </territory-type>
        <territory-type name="wolf_territories">
            <territory name="wolf_territory5" visible="1" color="1724697804">
                <zone name="HuntingGround" smin="0" smax="0" dmin="0" dmax="0" x="818.23" z="712.7" r="80" d="2"/>
                <zone name="HuntingGround" smin="0" smax="0" dmin="0" dmax="0" x="2893.51" z="568.45" r="80" d="2"/>
            </territory>
            <territory name="wolf_territory6" visible="1" color="1724697804">
                <zone name="HuntingGround" smin="0" smax="0" dmin="0" dmax="0" x="9018.62" z="2636.5" r="80" d="2"/>
                <zone name="HuntingGround" smin="0" smax="0" dmin="0" dmax="0" x="4525" z="3965" r="80" d="2"/>
            </territory>
            <territory name="wolf_territory3" visible="1" color="1724697804">
                <zone name="HuntingGround" smin="0" smax="0" dmin="0" dmax="0" x="7296.03" z="8198.73" r="80" d="2"/>
                <zone name="HuntingGround" smin="0" smax="0" dmin="0" dmax="0" x="4058" z="5598" r="80" d="2"/>
            </territory>
            <territory name="wolf_territory4" visible="1" color="1724697804">
                <zone name="HuntingGround" smin="0" smax="0" dmin="0" dmax="0" x="425.86" z="3299.82" r="80" d="2"/>
                <zone name="HuntingGround" smin="0" smax="0" dmin="0" dmax="0" x="189.1" z="728.46" r="80" d="2"/>
            </territory>
            <territory name="wolf_territory9" visible="1" color="1724697804">
                <zone name="HuntingGround" smin="0" smax="0" dmin="0" dmax="0" x="8886.86" z="1375.62" r="80" d="2"/>
                <zone name="HuntingGround" smin="0" smax="0" dmin="0" dmax="0" x="755" z="8315" r="80" d="2"/>
            </territory>
            <territory name="wolf_territory10" visible="1" color="1724697804">
                <zone name="HuntingGround" smin="0" smax="0" dmin="0" dmax="0" x="8473.33" z="1920" r="80" d="2"/>
                <zone name="HuntingGround" smin="0" smax="0" dmin="0" dmax="0" x="4136.67" z="9570" r="80" d="2"/>
            </territory>
            <territory name="wolf_territory7" visible="1" color="1724697804">
                <zone name="HuntingGround" smin="0" smax="0" dmin="0" dmax="0" x="9387.7" z="1946.84" r="80" d="2"/>
                <zone name="HuntingGround" smin="0" smax="0" dmin="0" dmax="0" x="1600" z="9845" r="80" d="2"/>
            </territory>
            <territory name="wolf_territory8" visible="1" color="1724697804">
                <zone name="HuntingGround" smin="0" smax="0" dmin="0" dmax="0" x="8930.49" z="2385.9" r="80" d="2"/>
            </territory>
            <territory name="wolf_territory1" visible="1" color="1724697804">
                <zone name="HuntingGround" smin="0" smax="0" dmin="0" dmax="0" x="6580.4" z="6756.35" r="80" d="2"/>
                <zone name="HuntingGround" smin="0" smax="0" dmin="0" dmax="0" x="6813.71" z="7489.83" r="80" d="2"/>
            </territory>
            <territory name="wolf_territory2" visible="1" color="1724697804">
                <zone name="HuntingGround" smin="0" smax="0" dmin="0" dmax="0" x="5798.15" z="7400.15" r="80" d="2"/>
                <zone name="HuntingGround" smin="0" smax="0" dmin="0" dmax="0" x="5220" z="835" r="80" d="2"/>
            </territory>
        </territory-type>
        <territory-type name="bear_territories">
            <territory name="bear_territory9" visible="1" color="1728009472">
                <zone name="Graze" smin="0" smax="0" dmin="0" dmax="0" x="8774.77" z="2104.82" r="25" d="2"/>
                <zone name="Graze" smin="0" smax="0" dmin="0" dmax="0" x="9074.62" z="1744.95" r="25" d="2"/>
                <zone name="Graze" smin="0" smax="0" dmin="0" dmax="0" x="8901.46" z="1896.36" r="25" d="2"/>
            </territory>
            <territory name="bear_territory4" visible="1" color="1728009472">
                <zone name="Graze" smin="0" smax="0" dmin="0" dmax="0" x="827.46" z="6254.38" r="50" d="2"/>
                <zone name="Graze" smin="0" smax="0" dmin="0" dmax="0" x="1730.82" z="3042.82" r="80" d="2"/>
                <zone name="Graze" smin="0" smax="0" dmin="0" dmax="0" x="9596.03" z="6024.6" r="50" d="2"/>
                <zone name="Graze" smin="0" smax="0" dmin="0" dmax="0" x="6084.79" z="1184.34" r="80" d="2"/>
            </territory>
            <territory name="bear_territory3" visible="1" color="1728009472">
                <zone name="Graze" smin="0" smax="0" dmin="0" dmax="0" x="6099.47" z="9398.15" r="80" d="2"/>
                <zone name="Graze" smin="0" smax="0" dmin="0" dmax="0" x="6932.77" z="9118.37" r="50" d="2"/>
                <zone name="Graze" smin="0" smax="0" dmin="0" dmax="0" x="6046.8" z="9323.6" r="80" d="2"/>
                <zone name="Graze" smin="0" smax="0" dmin="0" dmax="0" x="8417.77" z="8906.35" r="50" d="2"/>
                <zone name="Graze" smin="0" smax="0" dmin="0" dmax="0" x="6052.15" z="3414.42" r="80" d="2"/>
            </territory>
            <territory name="bear_territory8" visible="1" color="1728009472">
                <zone name="Graze" smin="0" smax="0" dmin="0" dmax="0" x="8132.75" z="8941.81" r="50" d="2"/>
                <zone name="Graze" smin="0" smax="0" dmin="0" dmax="0" x="6544.98" z="8230.43" r="80" d="2"/>
                <zone name="Graze" smin="0" smax="0" dmin="0" dmax="0" x="5608.58" z="668.46" r="80" d="2"/>
                <zone name="Graze" smin="0" smax="0" dmin="0" dmax="0" x="7732.1" z="1115.24" r="120" d="2"/>
            </territory>
            <territory name="bear_territory6" visible="1" color="1728009472">
                <zone name="Graze" smin="0" smax="0" dmin="0" dmax="0" x="5960.45" z="7261.1" r="80" d="2"/>
                <zone name="Graze" smin="0" smax="0" dmin="0" dmax="0" x="5737.35" z="7176.81" r="50" d="2"/>
                <zone name="Graze" smin="0" smax="0" dmin="0" dmax="0" x="4668.56" z="7230.33" r="80" d="2"/>
                <zone name="Graze" smin="0" smax="0" dmin="0" dmax="0" x="4500.2" z="6790.96" r="50" d="2"/>
                <zone name="Graze" smin="0" smax="0" dmin="0" dmax="0" x="4536.1" z="7230.1" r="80" d="2"/>
            </territory>
            <territory name="bear_territory7" visible="1" color="1728009472">
                <zone name="Graze" smin="0" smax="0" dmin="0" dmax="0" x="5247.42" z="7047.83" r="50" d="2"/>
                <zone name="Graze" smin="0" smax="0" dmin="0" dmax="0" x="3059.4" z="9969.04" r="80" d="2"/>
                <zone name="Graze" smin="0" smax="0" dmin="0" dmax="0" x="3344.02" z="9544.11" r="50" d="2"/>
                <zone name="Graze" smin="0" smax="0" dmin="0" dmax="0" x="3080.15" z="6951.24" r="80" d="2"/>
                <zone name="Graze" smin="0" smax="0" dmin="0" dmax="0" x="3348.72" z="7151.01" r="50" d="2"/>
                <zone name="Graze" smin="0" smax="0" dmin="0" dmax="0" x="5739.25" z="3714.19" r="80" d="2"/>
            </territory>
            <territory name="bear_territory10" visible="1" color="1728009472">
                <zone name="Graze" smin="0" smax="0" dmin="0" dmax="0" x="1000" z="775" r="120" d="2"/>
                <zone name="Graze" smin="0" smax="0" dmin="0" dmax="0" x="860" z="9330" r="120" d="2"/>
            </territory>
            <territory name="bear_territory5" visible="1" color="1728009472">
                <zone name="Graze" smin="0" smax="0" dmin="0" dmax="0" x="8638.3" z="8397.51" r="80" d="2"/>
                <zone name="Graze" smin="0" smax="0" dmin="0" dmax="0" x="8060.4" z="8249.4" r="50" d="2"/>
                <zone name="Graze" smin="0" smax="0" dmin="0" dmax="0" x="7360.48" z="8067.61" r="80" d="2"/>
                <zone name="Graze" smin="0" smax="0" dmin="0" dmax="0" x="7025.57" z="8260.56" r="50" d="2"/>
                <zone name="Graze" smin="0" smax="0" dmin="0" dmax="0" x="7406.79" z="8430.25" r="80" d="2"/>
                <zone name="Graze" smin="0" smax="0" dmin="0" dmax="0" x="7254.38" z="7161.5" r="50" d="2"/>
            </territory>
            <territory name="bear_territory1" visible="1" color="1728009472">
                <zone name="Graze" smin="0" smax="0" dmin="0" dmax="0" x="2826.44" z="6550.49" r="80" d="2"/>
                <zone name="Graze" smin="0" smax="0" dmin="0" dmax="0" x="2465.96" z="8172.78" r="50" d="2"/>
                <zone name="Graze" smin="0" smax="0" dmin="0" dmax="0" x="2994.45" z="8172.78" r="80" d="2"/>
                <zone name="Graze" smin="0" smax="0" dmin="0" dmax="0" x="6111.28" z="6829.08" r="50" d="2"/>
                <zone name="Graze" smin="0" smax="0" dmin="0" dmax="0" x="6442.29" z="9056.87" r="50" d="2"/>
            </territory>
            <territory name="bear_territory2" visible="1" color="1728009472">
                <zone name="Graze" smin="0" smax="0" dmin="0" dmax="0" x="6000.71" z="7400.83" r="50" d="2"/>
                <zone name="Graze" smin="0" smax="0" dmin="0" dmax="0" x="5000.15" z="7200.15" r="80" d="2"/>
                <zone name="Graze" smin="0" smax="0" dmin="0" dmax="0" x="6000.15" z="7200.25" r="50" d="2"/>
                <zone name="Graze" smin="0" smax="0" dmin="0" dmax="0" x="2994.45" z="8172.78" r="80" d="2"/>
                <zone name="Graze" smin="0" smax="0" dmin="0" dmax="0" x="8529.52" z="7610.52" r="50" d="2"/>
            </territory>
        </territory-type>
        <territory-type name="red_deer_territories">
            <territory name="RedDeer_territory17" visible="1" color="856817408">
                <zone name="Graze" smin="0" smax="0" dmin="0" dmax="0" x="6589.86" z="6871.72" r="70" d="2"/>
                <zone name="Graze" smin="0" smax="0" dmin="0" dmax="0" x="5300" z="1370" r="90" d="2"/>
                <zone name="Graze" smin="0" smax="0" dmin="0" dmax="0" x="9230" z="960" r="90" d="2"/>
            </territory>
            <territory name="RedDeer_territory18" visible="1" color="856817408">
                <zone name="Graze" smin="0" smax="0" dmin="0" dmax="0" x="6388.35" z="8896.12" r="90" d="2"/>
                <zone name="Graze" smin="0" smax="0" dmin="0" dmax="0" x="8000" z="1270" r="90" d="2"/>
                <zone name="Graze" smin="0" smax="0" dmin="0" dmax="0" x="3765" z="790" r="90" d="2"/>
            </territory>
            <territory name="RedDeer_territory12" visible="1" color="856817408">
                <zone name="Graze" smin="0" smax="0" dmin="0" dmax="0" x="6440" z="3588" r="50" d="2"/>
            </territory>
            <territory name="RedDeer_territory3" visible="1" color="856817408">
                <zone name="Graze" smin="0" smax="0" dmin="0" dmax="0" x="4454.13" z="6675.73" r="50" d="2"/>
            </territory>
            <territory name="RedDeer_territory22" visible="1" color="856817408">
                <zone name="Graze" smin="0" smax="0" dmin="0" dmax="0" x="9223.33" z="8756.67" r="50" d="2"/>
                <zone name="Graze" smin="0" smax="0" dmin="0" dmax="0" x="8306.67" z="6913.33" r="100" d="2"/>
                <zone name="Graze" smin="0" smax="0" dmin="0" dmax="0" x="9490" z="7686.67" r="200" d="2"/>
                <zone name="Graze" smin="0" smax="0" dmin="0" dmax="0" x="5700" z="6210" r="70" d="2"/>
            </territory>
            <territory name="RedDeer_territory11" visible="1" color="856817408">
                <zone name="Graze" smin="0" smax="0" dmin="0" dmax="0" x="5035.46" z="2719.16" r="50" d="2"/>
            </territory>
            <territory name="RedDeer_territory14" visible="1" color="856817408">
                <zone name="Graze" smin="0" smax="0" dmin="0" dmax="0" x="8262.66" z="8923.37" r="40" d="2"/>
                <zone name="Graze" smin="0" smax="0" dmin="0" dmax="0" x="4700" z="8005" r="90" d="2"/>
            </territory>
            <territory name="RedDeer_territory5" visible="1" color="856817408">
                <zone name="Graze" smin="0" smax="0" dmin="0" dmax="0" x="2311.26" z="8320.21" r="50" d="2"/>
            </territory>
            <territory name="RedDeer_territory13" visible="1" color="856817408">
                <zone name="Graze" smin="0" smax="0" dmin="0" dmax="0" x="1835.25" z="6177.31" r="60" d="2"/>
            </territory>
            <territory name="RedDeer_territory4" visible="1" color="856817408">
                <zone name="Graze" smin="0" smax="0" dmin="0" dmax="0" x="3948.72" z="7653.06" r="50" d="2"/>
            </territory>
            <territory name="RedDeer_territory8" visible="1" color="856817408">
                <zone name="Graze" smin="0" smax="0" dmin="0" dmax="0" x="2285.12" z="9855.55" r="50" d="2"/>
            </territory>
            <territory name="RedDeer_territory9" visible="1" color="856817408">
                <zone name="Graze" smin="0" smax="0" dmin="0" dmax="0" x="1098" z="7840" r="110" d="2"/>
                <zone name="Graze" smin="0" smax="0" dmin="0" dmax="0" x="765" z="8840" r="120" d="2"/>
                <zone name="Graze" smin="0" smax="0" dmin="0" dmax="0" x="850" z="9725" r="80" d="2"/>
                <zone name="Graze" smin="0" smax="0" dmin="0" dmax="0" x="2030" z="7330" r="90" d="2"/>
            </territory>
            <territory name="RedDeer_territory7" visible="1" color="856817408">
                <zone name="Graze" smin="0" smax="0" dmin="0" dmax="0" x="3948.72" z="7653.06" r="40" d="2"/>
            </territory>
            <territory name="RedDeer_territory6" visible="1" color="856817408">
                <zone name="Graze" smin="0" smax="0" dmin="0" dmax="0" x="6611.26" z="9223.72" r="50" d="2"/>
            </territory>
            <territory name="RedDeer_territory19" visible="1" color="856817408">
                <zone name="Graze" smin="0" smax="0" dmin="0" dmax="0" x="7594.34" z="9438.24" r="100" d="2"/>
                <zone name="Graze" smin="0" smax="0" dmin="0" dmax="0" x="9090" z="9565" r="100" d="2"/>
                <zone name="Graze" smin="0" smax="0" dmin="0" dmax="0" x="7855" z="8495" r="100" d="2"/>
                <zone name="Graze" smin="0" smax="0" dmin="0" dmax="0" x="8315" z="9750" r="100" d="2"/>
            </territory>
            <territory name="RedDeer_territory2" visible="1" color="856817408">
                <zone name="Graze" smin="0" smax="0" dmin="0" dmax="0" x="6838.63" z="9235.42" r="50" d="2"/>
            </territory>
            <territory name="RedDeer_territory10" visible="1" color="856817408">
                <zone name="Graze" smin="0" smax="0" dmin="0" dmax="0" x="1701" z="4955" r="40" d="2"/>
            </territory>
            <territory name="RedDeer_territory1" visible="1" color="856817408">
                <zone name="Graze" smin="0" smax="0" dmin="0" dmax="0" x="2494.19" z="9381.62" r="50" d="2"/>
            </territory>
            <territory name="RedDeer_territory15" visible="1" color="856817408">
                <zone name="Graze" smin="0" smax="0" dmin="0" dmax="0" x="3772.91" z="6617.39" r="60" d="2"/>
            </territory>
            <territory name="RedDeer_territory16" visible="1" color="856817408">
                <zone name="Graze" smin="0" smax="0" dmin="0" dmax="0" x="7372.79" z="7791.49" r="40" d="2"/>
                <zone name="Graze" smin="0" smax="0" dmin="0" dmax="0" x="6070" z="4330" r="90" d="2"/>
                <zone name="Graze" smin="0" smax="0" dmin="0" dmax="0" x="7205" z="540" r="90" d="2"/>
            </territory>
            <territory name="RedDeer_territory20" visible="1" color="856817408">
                <zone name="Graze" smin="0" smax="0" dmin="0" dmax="0" x="866.9" z="2626.26" r="100" d="2"/>
                <zone name="Graze" smin="0" smax="0" dmin="0" dmax="0" x="1860" z="2635" r="100" d="2"/>
                <zone name="Graze" smin="0" smax="0" dmin="0" dmax="0" x="380" z="3670" r="100" d="2"/>
                <zone name="Graze" smin="0" smax="0" dmin="0" dmax="0" x="230" z="1700" r="100" d="2"/>
            </territory>
            <territory name="RedDeer_territory21" visible="1" color="856817408">
                <zone name="Graze" smin="0" smax="0" dmin="0" dmax="0" x="2038.1" z="1725.97" r="150" d="2"/>
                <zone name="Rest" smin="0" smax="0" dmin="0" dmax="0" x="8910" z="4850" r="150" d="2"/>
                <zone name="Rest" smin="0" smax="0" dmin="0" dmax="0" x="2805" z="2470" r="150" d="2"/>
                <zone name="Rest" smin="0" smax="0" dmin="0" dmax="0" x="3175" z="610" r="150" d="2"/>
            </territory>
        </territory-type>
    </territory-type-list>
</zg-config>
