<?xml version="1.0" encoding="UTF-8"?>
<territory-type>

    <territory color="2763406037">
        <zone name="InfectedIndustrialOMG" smin="0" smax="0" dmin="3" dmax="5" x="1657" z="8001" r="35"/>
        <!-- Greenville -->
        <zone name="InfectedIndustrialOMG" smin="0" smax="0" dmin="3" dmax="4" x="6915.23" z="8562.31" r="50"/>
        <!-- Roachburn -->
        <zone name="InfectedIndustrialOMG" smin="0" smax="0" dmin="2" dmax="4" x="7742.3" z="9874.92" r="40"/>
        <!-- Pinder -->
        <zone name="InfectedIndustrialOMG" smin="0" smax="0" dmin="2" dmax="3" x="5372.84" z="7569.31" r="40"/>
        <!-- The Factory -->
        <zone name="InfectedIndustrialOMG" smin="0" smax="0" dmin="3" dmax="4" x="3585.78" z="7943.88" r="50"/>
        <zone name="InfectedIndustrialOMG" smin="0" smax="0" dmin="3" dmax="4" x="3594.63" z="8119.99" r="40"/>
    </territory>

    <territory color="1136576269">
        <!-- Witsend -->
        <zone name="InfectedCityOMG" smin="0" smax="0" dmin="3" dmax="4" x="3981.1" z="7022.06" r="50"/>
        <zone name="InfectedCityOMG" smin="0" smax="0" dmin="3" dmax="4" x="3979.86" z="7209.47" r="40"/>
        <!-- Survivor Settlement -->
        <zone name="InfectedCityOMG" smin="0" smax="0" dmin="2" dmax="3" x="6257.56" z="7825.13" r="40"/>
        <!-- Sativa -->
        <zone name="InfectedCityOMG" smin="0" smax="0" dmin="3" dmax="4" x="7355.33" z="7001.67" r="40"/>
        <!-- Homestead -->
        <zone name="InfectedCityOMG" smin="0" smax="0" dmin="2" dmax="3" x="7820.93" z="7277.54" r="40"/>
        <zone name="InfectedCityOMG" smin="0" smax="0" dmin="1" dmax="3" x="7798.63" z="7449.06" r="40"/>
        <!-- Overgrown Cabins -->
        <zone name="InfectedCityOMG" smin="0" smax="0" dmin="4" dmax="6" x="7265.76" z="8097.96" r="70"/>
        <!-- Harmony -->
        <zone name="InfectedCityOMG" smin="0" smax="0" dmin="3" dmax="6" x="7961.23" z="8146.7" r="55"/>
        <!-- Badger -->
        <zone name="InfectedCityOMG" smin="0" smax="0" dmin="3" dmax="4" x="9562.91" z="8375.64" r="60"/>
        <!-- Freshie Farm -->
        <zone name="InfectedCityOMG" smin="0" smax="0" dmin="1" dmax="2" x="9450.52" z="8326.73" r="40"/>
        <!-- Indica -->
        <zone name="InfectedCityOMG" smin="0" smax="0" dmin="3" dmax="4" x="8525.63" z="9358.21" r="50"/>
        <zone name="InfectedCityOMG" smin="0" smax="0" dmin="2" dmax="3" x="8661.83" z="9459.88" r="50"/>
        <!-- Roachburn -->
        <zone name="InfectedCityOMG" smin="0" smax="0" dmin="2" dmax="4" x="7736.49" z="10000.2" r="50"/>
        <!-- Lil Farm -->
        <zone name="InfectedCityOMG" smin="0" smax="0" dmin="3" dmax="4" x="7140.02" z="9751.01" r="40"/>
        <!-- Boon -->
        <zone name="InfectedCityOMG" smin="0" smax="0" dmin="3" dmax="5" x="5868.21" z="9759.34" r="50"/>
        <!-- TeenyTown -->
        <zone name="InfectedCityOMG" smin="0" smax="0" dmin="3" dmax="4" x="5863.13" z="8987.75" r="50"/>
        <!-- Greenville -->
        <zone name="InfectedCityOMG" smin="0" smax="0" dmin="3" dmax="4" x="6719.77" z="8564.83" r="50"/>

        <zone name="InfectedCityOMG" smin="0" smax="0" dmin="3" dmax="5" x="4544" z="9030" r="60"/>
        <zone name="InfectedCityOMG" smin="0" smax="0" dmin="3" dmax="5" x="4398" z="9030" r="50"/>
        <zone name="InfectedCityOMG" smin="0" smax="0" dmin="3" dmax="5" x="4280" z="9280" r="50"/>
        <zone name="InfectedCityOMG" smin="0" smax="0" dmin="3" dmax="5" x="4270" z="9180" r="40"/>
        <zone name="InfectedCityOMG" smin="0" smax="0" dmin="3" dmax="5" x="4070" z="9090" r="40"/>
        <zone name="InfectedCityOMG" smin="0" smax="0" dmin="3" dmax="5" x="4435" z="9370" r="40"/>
        <zone name="InfectedCityOMG" smin="0" smax="0" dmin="3" dmax="5" x="4385" z="9440" r="30"/>
        <zone name="InfectedCityOMG" smin="0" smax="0" dmin="3" dmax="5" x="4405" z="9280" r="30"/>

        <zone name="InfectedCityOMG" smin="0" smax="0" dmin="3" dmax="5" x="5956" z="9765" r="30"/>
        <zone name="InfectedCityOMG" smin="0" smax="0" dmin="3" dmax="5" x="5754" z="9732" r="40"/>

        <!-- Park Infected -->
        <zone name="InfectedCityOMG" smin="0" smax="0" dmin="3" dmax="5" x="4591" z="9407" r="30"/>
        <!-- Projects Infected -->
        <zone name="InfectedCityOMG" smin="0" smax="0" dmin="3" dmax="5" x="4783" z="9404" r="40"/>
        <!-- Waterfront Picknick Tables -->
        <zone name="InfectedCityOMG" smin="0" smax="0" dmin="3" dmax="4" x="4480.33" z="9468.19" r="30"/>
        <zone name="InfectedCityOMG" smin="0" smax="0" dmin="2" dmax="3" x="4346.43" z="9335.27" r="30"/>
        <zone name="InfectedCityOMG" smin="0" smax="0" dmin="3" dmax="4" x="4275.29" z="9176.49" r="30"/>
        <zone name="InfectedCityOMG" smin="0" smax="0" dmin="2" dmax="3" x="4018" z="9331.61" r="30"/>
        <zone name="InfectedCityOMG" smin="0" smax="0" dmin="3" dmax="4" x="4276.24" z="9308.45" r="30"/>
        <zone name="InfectedCityOMG" smin="0" smax="0" dmin="2" dmax="4" x="4208.78" z="9456.44" r="30"/>
        <zone name="InfectedCityOMG" smin="0" smax="0" dmin="1" dmax="3" x="3964.07" z="9362.76" r="30"/>
        <!-- Arkaley  -->
        <zone name="InfectedCityOMG" smin="0" smax="0" dmin="3" dmax="4" x="4880.73" z="6470.26" r="50"/>
        <!-- Pinder -->
        <zone name="InfectedCityOMG" smin="0" smax="0" dmin="4" dmax="6" x="5229.21" z="7678.796" r="50"/>
        <!-- Wolves Pass -->
        <zone name="InfectedCityOMG" smin="0" smax="0" dmin="4" dmax="6" x="6715.66" z="7370.67" r="50"/>
    </territory>

    <territory color="2444321300">
        <zone name="InfectedFirefighterOMG" smin="0" smax="0" dmin="2" dmax="4" x="4503" z="9100" r="25"/>
        <zone name="InfectedFirefighterOMG" smin="0" smax="0" dmin="2" dmax="4" x="1553" z="9200" r="25"/>
        <!-- Lone Fire Hall -->
        <zone name="InfectedFirefighterOMG" smin="0" smax="0" dmin="2" dmax="4" x="7687.95" z="8053.6" r="25"/> 
    </territory>

    <territory color="2387830984">
        <zone name="InfectedMedicOMG" smin="0" smax="0" dmin="2" dmax="4" x="4116" z="9262" r="30"/>
        <zone name="InfectedMedicOMG" smin="0" smax="0" dmin="2" dmax="4" x="4481" z="9115" r="30"/>
        <zone name="InfectedMedicOMG" smin="0" smax="0" dmin="2" dmax="4" x="4138" z="9035" r="30"/>
    </territory>

    <territory color="1794965508">
        <zone name="InfectedPoliceOMG" smin="0" smax="0" dmin="2" dmax="4" x="4692" z="9282" r="30"/>
        <zone name="InfectedPoliceOMG" smin="0" smax="0" dmin="2" dmax="4" x="5855" z="9773" r="30"/>
        <!-- Pinder -->
        <zone name="InfectedPoliceOMG" smin="0" smax="0" dmin="1" dmax="2" x="5284.46" z="7627.1" r="30"/>
    </territory>
<!-- Military M.I.C Airfield  -->
    <territory color="1124502272">
        <zone name="InfectedArmyOMG" smin="0" smax="0" dmin="3" dmax="5" x="1650" z="8873" r="50"/>
        <zone name="InfectedArmyOMG" smin="0" smax="0" dmin="3" dmax="5" x="1639" z="9026" r="40"/>
        <zone name="InfectedArmyOMG" smin="0" smax="0" dmin="3" dmax="5" x="1440" z="9317" r="40"/>
        <zone name="InfectedArmyOMG" smin="0" smax="0" dmin="3" dmax="5" x="1300" z="9306" r="40"/>
        <zone name="InfectedArmyOMG" smin="0" smax="0" dmin="3" dmax="5" x="1440" z="8855" r="40"/>
    <!-- Construction Site  -->     
        <zone name="InfectedArmyOMG" smin="0" smax="0" dmin="3" dmax="5" x="1671.12" z="8757.48" r="50"/>
    <!-- Hospital  -->     
        <zone name="InfectedMedicOMG" smin="0" smax="0" dmin="3" dmax="5" x="1407.13" z="9027.83" r="60"/>
    <!-- Behind Big Barracks  -->     
        <zone name="InfectedArmyOMG" smin="0" smax="0" dmin="3" dmax="5" x="1393.96" z="9220.31" r="80"/>
    <!-- Little Barracks  -->     
        <zone name="InfectedArmyOMG" smin="0" smax="0" dmin="3" dmax="5" x="1397.98" z="9406.62" r="50"/>
    <!-- North of A.T.C Buildings  -->     
        <zone name="InfectedArmyOMG" smin="0" smax="0" dmin="3" dmax="5" x="1611.52" z="9462.9" r="50"/>
    <!-- Tents Behind A.T.C Buildings  -->     
        <zone name="InfectedArmyOMG" smin="0" smax="0" dmin="3" dmax="5" x="1713.52" z="9274.95" r="60"/>
    <!-- Railway Crossing Between City and M.I.C  -->     
        <zone name="InfectedArmyOMG" smin="0" smax="0" dmin="3" dmax="5" x="2860.04" z="8577.4" r="80"/>
    <!-- RANDOM  -->
        <zone name="InfectedArmyOMG" smin="0" smax="0" dmin="3" dmax="4" x="1626.31" z="9573.34" r="50"/>
        <zone name="InfectedArmyOMG" smin="0" smax="0" dmin="3" dmax="4" x="1532.27" z="9403.73" r="60"/>
    <!-- Arkaley  -->     
        <zone name="InfectedArmyOMG" smin="0" smax="0" dmin="3" dmax="4" x="5090.94" z="6494.79" r="50"/>
    <!-- Military North of Pinder  -->     
        <zone name="InfectedArmyOMG" smin="0" smax="0" dmin="3" dmax="4" x="5077.21" z="8171.19" r="50"/>
    <!-- Military Sativa  -->     
        <zone name="InfectedArmyOMG" smin="0" smax="0" dmin="3" dmax="4" x="7415.52" z="6775.8" r="50"/>
    <!-- Zone 18  -->     
        <zone name="InfectedArmyOMG" smin="0" smax="0" dmin="3" dmax="5" x="6659.29" z="10007.8" r="50"/> 
    </territory>


    <territory color="1291845632">
        <zone name="InfectedReligious" smin="0" smax="0" dmin="1" dmax="3" x="10584" z="2481" r="120"/>
        <zone name="InfectedReligious" smin="0" smax="0" dmin="1" dmax="3" x="6489" z="2382" r="120"/>
        <zone name="InfectedReligious" smin="0" smax="0" dmin="1" dmax="3" x="1719" z="3840" r="120"/>
        <zone name="InfectedReligious" smin="0" smax="0" dmin="1" dmax="3" x="2745" z="5424" r="120"/>
        <zone name="InfectedReligious" smin="0" smax="0" dmin="1" dmax="3" x="4509" z="6411" r="120"/>
        <zone name="InfectedReligious" smin="0" smax="0" dmin="1" dmax="3" x="5400" z="5490" r="120"/>
        <zone name="InfectedReligious" smin="0" smax="0" dmin="1" dmax="3" x="6090" z="7788" r="120"/>
        <zone name="InfectedReligious" smin="0" smax="0" dmin="1" dmax="3" x="5241" z="8574" r="120"/>
        <zone name="InfectedReligious" smin="0" smax="0" dmin="1" dmax="3" x="7062" z="7722" r="120"/>
        <zone name="InfectedReligious" smin="0" smax="0" dmin="1" dmax="3" x="3009" z="8004" r="120"/>
        <zone name="InfectedReligious" smin="0" smax="0" dmin="1" dmax="3" x="2715" z="10002" r="120"/>
        <zone name="InfectedReligious" smin="0" smax="0" dmin="1" dmax="3" x="2256" z="9306" r="120"/>
        <zone name="InfectedReligious" smin="0" smax="0" dmin="1" dmax="3" x="9474" z="8832" r="120"/>
        <zone name="InfectedReligious" smin="0" smax="0" dmin="1" dmax="3" x="10701" z="8067" r="120"/>
        <zone name="InfectedReligious" smin="0" smax="0" dmin="1" dmax="3" x="9579" z="6822" r="120"/>
        <zone name="InfectedReligious" smin="0" smax="0" dmin="1" dmax="3" x="10074" z="5514" r="120"/>
        <zone name="InfectedReligious" smin="0" smax="0" dmin="1" dmax="3" x="12111" z="7260" r="120"/>
        <zone name="InfectedReligious" smin="0" smax="0" dmin="1" dmax="3" x="13035" z="10530" r="120"/>
        <zone name="InfectedReligious" smin="0" smax="0" dmin="1" dmax="3" x="13959" z="13188" r="120"/>
        <zone name="InfectedReligious" smin="0" smax="0" dmin="1" dmax="3" x="13350" z="12894" r="120"/>
        <zone name="InfectedReligious" smin="0" smax="0" dmin="1" dmax="3" x="13488" z="14181" r="120"/>
        <zone name="InfectedReligious" smin="0" smax="0" dmin="1" dmax="3" x="11481" z="15075" r="120"/>
        <zone name="InfectedReligious" smin="0" smax="0" dmin="1" dmax="3" x="7749" z="13281" r="120"/>
        <zone name="InfectedReligious" smin="0" smax="0" dmin="1" dmax="3" x="6564" z="15000" r="120"/>
        <zone name="InfectedReligious" smin="0" smax="0" dmin="1" dmax="3" x="5025" z="15129" r="120"/>
        <zone name="InfectedReligious" smin="0" smax="0" dmin="1" dmax="3" x="3624" z="13113" r="120"/>
        <zone name="InfectedReligious" smin="0" smax="0" dmin="1" dmax="3" x="2616" z="15201" r="120"/>
        <zone name="InfectedReligious" smin="0" smax="0" dmin="1" dmax="3" x="1476" z="11940" r="120"/>
        <zone name="InfectedReligious" smin="0" smax="0" dmin="1" dmax="3" x="8572.5" z="11966.3" r="120"/>
        <zone name="InfectedReligious" smin="0" smax="0" dmin="1" dmax="3" x="8182.5" z="12348.8" r="120"/>
        <zone name="InfectedReligious" smin="0" smax="0" dmin="1" dmax="3" x="7953.75" z="11955" r="120"/>
        <zone name="InfectedReligious" smin="0" smax="0" dmin="1" dmax="3" x="8748.75" z="12607.5" r="120"/>
        <zone name="InfectedReligious" smin="0" smax="0" dmin="1" dmax="3" x="10972.5" z="12285" r="120"/>
        <zone name="InfectedReligious" smin="0" smax="0" dmin="1" dmax="3" x="11223.8" z="12213.8" r="120"/>
    </territory>
    <territory color="1124502272">
        <zone name="InfectedArmy" smin="3" smax="5" dmin="3" dmax="5" x="7992.86" z="14634.2" r="90"/>
        <zone name="InfectedArmy" smin="4" smax="8" dmin="4" dmax="8" x="7827.86" z="14750.3" r="100"/>
        <zone name="InfectedArmy" smin="4" smax="8" dmin="5" dmax="10" x="1652.01" z="14247.3" r="160"/>
        <zone name="InfectedArmy" smin="0" smax="0" dmin="4" dmax="8" x="620.333" z="13648.7" r="75"/>
        <zone name="InfectedArmy" smin="4" smax="8" dmin="4" dmax="8" x="4214.18" z="11041.8" r="100"/>
        <zone name="InfectedArmy" smin="4" smax="8" dmin="4" dmax="8" x="4484.86" z="10807.4" r="90"/>
        <zone name="InfectedArmy" smin="4" smax="8" dmin="4" dmax="8" x="4113.52" z="10572" r="100"/>
        <zone name="InfectedArmy" smin="4" smax="8" dmin="4" dmax="8" x="4554.29" z="9588.57" r="160"/>
        <zone name="InfectedArmy" smin="4" smax="8" dmin="4" dmax="8" x="4519.75" z="8303.5" r="100"/>
        <zone name="InfectedArmy" smin="4" smax="8" dmin="7" dmax="14" x="1158.25" z="7236.92" r="80"/>
        <zone name="InfectedArmy" smin="3" smax="7" dmin="2" dmax="8" x="2184.23" z="3371.54" r="90"/>
        <zone name="InfectedArmy" smin="4" smax="8" dmin="4" dmax="8" x="4771.5" z="2573.33" r="100"/>
        <zone name="InfectedArmy" smin="4" smax="8" dmin="4" dmax="8" x="2547.75" z="5084.62" r="80"/>
        <zone name="InfectedArmy" smin="0" smax="0" dmin="3" dmax="7" x="2703" z="6757.38" r="80"/>
        <zone name="InfectedArmy" smin="8" smax="12" dmin="4" dmax="8" x="1526" z="13624" r="140"/>
        <zone name="InfectedArmy" smin="0" smax="0" dmin="2" dmax="8" x="6333" z="7806" r="70"/>
        <zone name="InfectedArmy" smin="0" smax="0" dmin="3" dmax="7" x="3705" z="5982" r="80"/>
        <zone name="InfectedArmy" smin="0" smax="0" dmin="3" dmax="7" x="4063.29" z="11645.1" r="100"/>
        <zone name="InfectedArmy" smin="0" smax="0" dmin="3" dmax="7" x="770" z="1876" r="80"/>
        <zone name="InfectedArmy" smin="0" smax="0" dmin="3" dmax="7" x="338" z="9368" r="80"/>
        <zone name="InfectedArmy" smin="0" smax="0" dmin="3" dmax="7" x="1821" z="13816" r="160"/>
        <zone name="InfectedArmy" smin="0" smax="0" dmin="3" dmax="7" x="1064" z="13897.5" r="80"/>
        <zone name="InfectedArmy" smin="0" smax="0" dmin="3" dmax="7" x="1427" z="14453" r="100"/>
        <zone name="InfectedArmy" smin="0" smax="0" dmin="3" dmax="7" x="13622" z="13756" r="80"/>
        <zone name="InfectedArmy" smin="0" smax="0" dmin="3" dmax="7" x="5794" z="3072" r="80"/>
        <zone name="InfectedArmy" smin="0" smax="0" dmin="3" dmax="7" x="2084" z="3518" r="80"/>
        <zone name="InfectedArmy" smin="0" smax="0" dmin="3" dmax="7" x="1932" z="3422" r="80"/>
        <zone name="InfectedArmy" smin="0" smax="0" dmin="3" dmax="7" x="10440" z="5980.91" r="80"/>
        <zone name="InfectedArmy" smin="0" smax="0" dmin="3" dmax="7" x="10450" z="9150" r="80"/>
        <zone name="InfectedArmy" smin="0" smax="0" dmin="3" dmax="7" x="7105.71" z="12715.7" r="80"/>
        <zone name="InfectedArmy" smin="0" smax="0" dmin="3" dmax="7" x="9555" z="11808.8" r="80"/>
        <zone name="InfectedArmy" smin="0" smax="0" dmin="3" dmax="7" x="10224" z="4029" r="80"/>
        <zone name="InfectedArmy" smin="0" smax="0" dmin="3" dmax="7" x="3357.5" z="15185" r="80"/>
        <zone name="InfectedArmy" smin="0" smax="0" dmin="3" dmax="7" x="5330.71" z="9833.21" r="80"/>
        <zone name="InfectedArmy" smin="0" smax="0" dmin="3" dmax="7" x="4627.5" z="10492.5" r="80"/>
        <zone name="InfectedArmy" smin="0" smax="0" dmin="3" dmax="7" x="5013.57" z="9835.36" r="80"/>
        <zone name="InfectedArmy" smin="0" smax="0" dmin="3" dmax="7" x="3090" z="9990" r="80"/>
        <zone name="InfectedArmy" smin="4" smax="8" dmin="4" dmax="8" x="4773.33" z="10288.3" r="100"/>
        <zone name="InfectedArmy" smin="4" smax="8" dmin="4" dmax="8" x="4316.67" z="10216.7" r="100"/>
        <zone name="InfectedArmy" smin="0" smax="0" dmin="3" dmax="7" x="4937.14" z="10446.4" r="80"/>
        <zone name="InfectedArmy" smin="0" smax="0" dmin="3" dmax="7" x="4007.14" z="11843.6" r="100"/>
    </territory>
    <territory color="2387830984">
        <zone name="InfectedMedic" smin="0" smax="0" dmin="1" dmax="4" x="6487.12" z="2722.55" r="50"/>
        <zone name="InfectedMedic" smin="0" smax="0" dmin="1" dmax="4" x="2740.16" z="5180.91" r="50"/>
        <zone name="InfectedMedic" smin="0" smax="0" dmin="1" dmax="4" x="10283.9" z="2286.79" r="50"/>
        <zone name="InfectedMedic" smin="0" smax="0" dmin="1" dmax="4" x="12780" z="10056" r="50"/>
        <zone name="InfectedMedic" smin="0" smax="0" dmin="1" dmax="4" x="11924.6" z="9069.43" r="50"/>
        <zone name="InfectedMedic" smin="0" smax="0" dmin="1" dmax="4" x="13887.4" z="13112.6" r="50"/>
        <zone name="InfectedMedic" smin="0" smax="0" dmin="1" dmax="4" x="9480" z="8841" r="50"/>
        <zone name="InfectedMedic" smin="0" smax="0" dmin="1" dmax="4" x="11415" z="14611.1" r="50"/>
        <zone name="InfectedMedic" smin="0" smax="0" dmin="1" dmax="4" x="11271.4" z="12153.8" r="50"/>
        <zone name="InfectedMedic" smin="0" smax="0" dmin="1" dmax="4" x="5987.14" z="7680" r="50"/>
        <zone name="InfectedMedic" smin="0" smax="0" dmin="1" dmax="4" x="8010" z="12753.3" r="50"/>
        <zone name="InfectedMedic" smin="0" smax="0" dmin="1" dmax="4" x="3463.33" z="13160" r="50"/>
        <zone name="InfectedMedic" smin="0" smax="0" dmin="1" dmax="4" x="3778.33" z="9031.9" r="50"/>
        <zone name="InfectedMedic" smin="0" smax="0" dmin="1" dmax="4" x="2174.61" z="3359.61" r="60"/>
        <zone name="InfectedMedic" smin="0" smax="0" dmin="1" dmax="4" x="10352.5" z="3459.5" r="50"/>
        <zone name="InfectedMedic" smin="0" smax="0" dmin="1" dmax="4" x="13405" z="6318.93" r="50"/>
        <zone name="InfectedMedic" smin="0" smax="0" dmin="1" dmax="4" x="8552.5" z="13978.6" r="50"/>
        <zone name="InfectedMedic" smin="0" smax="0" dmin="1" dmax="4" x="8120" z="11017.5" r="50"/>
        <zone name="InfectedMedic" smin="0" smax="0" dmin="1" dmax="4" x="7278.43" z="7061.24" r="50"/>
        <zone name="InfectedMedic" smin="0" smax="0" dmin="1" dmax="4" x="3673.33" z="14845" r="50"/>
        <zone name="InfectedMedic" smin="0" smax="0" dmin="1" dmax="4" x="6342.08" z="2519.58" r="50"/>
        <zone name="InfectedMedic" smin="0" smax="0" dmin="1" dmax="4" x="7059.16" z="4309.09" r="50"/>
        <zone name="InfectedMedic" smin="0" smax="0" dmin="1" dmax="4" x="10133.6" z="5511.43" r="50"/>
    </territory>
    <territory color="1794965508">
        <zone name="InfectedPolice" smin="0" smax="0" dmin="1" dmax="4" x="6636.79" z="2578.75" r="50"/>
        <zone name="InfectedPolice" smin="0" smax="0" dmin="1" dmax="4" x="10455" z="2265" r="50"/>
        <zone name="InfectedPolice" smin="0" smax="0" dmin="1" dmax="4" x="12920.6" z="10188" r="50"/>
        <zone name="InfectedPolice" smin="0" smax="0" dmin="1" dmax="4" x="13824" z="13215" r="50"/>
        <zone name="InfectedPolice" smin="0" smax="0" dmin="1" dmax="4" x="9537" z="8814" r="50"/>
        <zone name="InfectedPolice" smin="0" smax="0" dmin="1" dmax="4" x="11490" z="14482.5" r="50"/>
        <zone name="InfectedPolice" smin="0" smax="0" dmin="1" dmax="4" x="11070" z="12480" r="50"/>
        <zone name="InfectedPolice" smin="0" smax="0" dmin="1" dmax="4" x="7161.43" z="7671.43" r="60"/>
        <zone name="InfectedPolice" smin="0" smax="0" dmin="1" dmax="4" x="2770" z="5350" r="50"/>
        <zone name="InfectedPolice" smin="0" smax="0" dmin="1" dmax="4" x="6005.14" z="10336.3" r="50"/>
        <zone name="InfectedPolice" smin="0" smax="0" dmin="1" dmax="4" x="7736.67" z="12630" r="50"/>
        <zone name="InfectedPolice" smin="0" smax="0" dmin="1" dmax="4" x="3426.67" z="13010" r="50"/>
        <zone name="InfectedPolice" smin="0" smax="0" dmin="1" dmax="4" x="3729.76" z="8935" r="50"/>
        <zone name="InfectedPolice" smin="0" smax="0" dmin="1" dmax="4" x="12062" z="3592.25" r="50"/>
        <zone name="InfectedPolice" smin="0" smax="0" dmin="1" dmax="4" x="11186.7" z="6586.67" r="50"/>
        <zone name="InfectedPolice" smin="0" smax="0" dmin="1" dmax="4" x="10176.9" z="5533.33" r="50"/>
        <zone name="InfectedPolice" smin="0" smax="0" dmin="1" dmax="4" x="6213.36" z="2928.93" r="70"/>
        <zone name="InfectedPolice" smin="0" smax="0" dmin="1" dmax="4" x="5882.14" z="4690.71" r="70"/>
        <zone name="InfectedPolice" smin="0" smax="0" dmin="1" dmax="4" x="3589.29" z="2453.57" r="70"/>
    </territory>
    <territory color="1102461653">
        <zone name="InfectedIndustrial" smin="0" smax="0" dmin="5" dmax="10" x="7117.5" z="2748.75" r="200"/>
        <zone name="InfectedIndustrial" smin="0" smax="0" dmin="5" dmax="10" x="7597.5" z="3172.5" r="200"/>
        <zone name="InfectedIndustrial" smin="0" smax="0" dmin="5" dmax="10" x="7287" z="3276" r="120"/>
        <zone name="InfectedIndustrial" smin="0" smax="0" dmin="5" dmax="10" x="10312.5" z="1906.25" r="120"/>
        <zone name="InfectedIndustrial" smin="0" smax="0" dmin="5" dmax="10" x="7932.5" z="3112.5" r="120"/>
        <zone name="InfectedIndustrial" smin="0" smax="0" dmin="5" dmax="10" x="12075" z="14337.5" r="140"/>
        <zone name="InfectedIndustrial" smin="0" smax="0" dmin="5" dmax="10" x="12370" z="14285" r="140"/>
        <zone name="InfectedIndustrial" smin="0" smax="0" dmin="5" dmax="10" x="11790" z="14325" r="140"/>
        <zone name="InfectedIndustrial" smin="0" smax="0" dmin="5" dmax="10" x="10622.5" z="14335" r="140"/>
        <zone name="InfectedIndustrial" smin="0" smax="0" dmin="5" dmax="10" x="13965" z="13433.8" r="100"/>
        <zone name="InfectedIndustrial" smin="0" smax="0" dmin="5" dmax="10" x="987.857" z="7614.64" r="160"/>
        <zone name="InfectedIndustrial" smin="0" smax="0" dmin="5" dmax="10" x="4105" z="8921.67" r="120"/>
        <zone name="InfectedIndustrial" smin="0" smax="0" dmin="5" dmax="10" x="5248.33" z="9821.67" r="120"/>
        <zone name="InfectedIndustrial" smin="0" smax="0" dmin="5" dmax="10" x="4785" z="10560" r="120"/>
        <zone name="InfectedIndustrial" smin="0" smax="0" dmin="5" dmax="10" x="4516.67" z="10788.3" r="120"/>
        <zone name="InfectedIndustrial" smin="0" smax="0" dmin="5" dmax="10" x="4846.67" z="10265" r="120"/>
        <zone name="InfectedIndustrial" smin="0" smax="0" dmin="5" dmax="10" x="2320.91" z="5187.27" r="140"/>
        <zone name="InfectedIndustrial" smin="0" smax="0" dmin="5" dmax="10" x="3621" z="2202" r="90"/>
        <zone name="InfectedIndustrial" smin="0" smax="0" dmin="5" dmax="10" x="5148" z="2355" r="100"/>
        <zone name="InfectedIndustrial" smin="0" smax="0" dmin="5" dmax="10" x="10863" z="2691" r="100"/>
        <zone name="InfectedIndustrial" smin="0" smax="0" dmin="5" dmax="10" x="10437" z="2544" r="140"/>
        <zone name="InfectedIndustrial" smin="0" smax="0" dmin="5" dmax="10" x="13372.5" z="6115" r="100"/>
        <zone name="InfectedIndustrial" smin="0" smax="0" dmin="5" dmax="10" x="13105" z="7095" r="100"/>
        <zone name="InfectedIndustrial" smin="0" smax="0" dmin="5" dmax="10" x="12295" z="9110" r="110"/>
        <zone name="InfectedIndustrial" smin="0" smax="0" dmin="5" dmax="10" x="12755" z="9657.5" r="100"/>
        <zone name="InfectedIndustrial" smin="0" smax="0" dmin="5" dmax="10" x="13052.5" z="10300" r="100"/>
        <zone name="InfectedIndustrial" smin="0" smax="0" dmin="5" dmax="10" x="13012.5" z="10050" r="100"/>
        <zone name="InfectedIndustrial" smin="0" smax="0" dmin="5" dmax="10" x="12872.5" z="9900" r="100"/>
        <zone name="InfectedIndustrial" smin="0" smax="0" dmin="4" dmax="7" x="13215" z="14895" r="100"/>
        <zone name="InfectedIndustrial" smin="0" smax="0" dmin="4" dmax="8" x="14220" z="13207.5" r="160"/>
        <zone name="InfectedIndustrial" smin="0" smax="0" dmin="3" dmax="7" x="12577.5" z="13807.5" r="100"/>
        <zone name="InfectedIndustrial" smin="0" smax="0" dmin="5" dmax="10" x="9637.5" z="13760" r="100"/>
        <zone name="InfectedIndustrial" smin="0" smax="0" dmin="2" dmax="5" x="7085" z="14585" r="100"/>
        <zone name="InfectedIndustrial" smin="0" smax="0" dmin="2" dmax="5" x="7767.5" z="14825" r="100"/>
        <zone name="InfectedIndustrial" smin="0" smax="0" dmin="2" dmax="5" x="5030" z="13040" r="100"/>
        <zone name="InfectedIndustrial" smin="0" smax="0" dmin="2" dmax="5" x="3775" z="12977.5" r="100"/>
        <zone name="InfectedIndustrial" smin="0" smax="0" dmin="2" dmax="5" x="2900" z="12612.5" r="100"/>
        <zone name="InfectedIndustrial" smin="0" smax="0" dmin="2" dmax="5" x="1542.5" z="14062.5" r="100"/>
        <zone name="InfectedIndustrial" smin="0" smax="0" dmin="2" dmax="5" x="2055" z="12170" r="100"/>
        <zone name="InfectedIndustrial" smin="0" smax="0" dmin="2" dmax="5" x="9840" z="8747.14" r="100"/>
        <zone name="InfectedIndustrial" smin="0" smax="0" dmin="2" dmax="5" x="11495" z="7480" r="100"/>
        <zone name="InfectedIndustrial" smin="0" smax="0" dmin="5" dmax="10" x="12467.5" z="12537.5" r="100"/>
        <zone name="InfectedIndustrial" smin="0" smax="0" dmin="5" dmax="10" x="11907.5" z="12470" r="100"/>
        <zone name="InfectedIndustrial" smin="0" smax="0" dmin="5" dmax="10" x="11222.5" z="12242.5" r="100"/>
    </territory>
    <territory color="2809946700">
        <zone name="InfectedVillage" smin="0" smax="0" dmin="1" dmax="2" x="9156.15" z="8760.17" r="60"/>
        <zone name="InfectedVillage" smin="0" smax="0" dmin="1" dmax="2" x="9247.03" z="9261.78" r="60"/>
        <zone name="InfectedVillage" smin="0" smax="0" dmin="1" dmax="2" x="9157.86" z="9549.89" r="60"/>
        <zone name="InfectedVillage" smin="0" smax="0" dmin="1" dmax="2" x="9348.54" z="8079.91" r="60"/>
        <zone name="InfectedVillage" smin="0" smax="0" dmin="1" dmax="2" x="8743.16" z="7857.72" r="60"/>
        <zone name="InfectedVillage" smin="0" smax="0" dmin="1" dmax="2" x="8387.34" z="7368.98" r="60"/>
        <zone name="InfectedVillage" smin="0" smax="0" dmin="1" dmax="2" x="8312.12" z="8764.98" r="60"/>
        <zone name="InfectedVillage" smin="0" smax="0" dmin="1" dmax="2" x="7825.88" z="8506.14" r="60"/>
        <zone name="InfectedVillage" smin="0" smax="0" dmin="1" dmax="2" x="6855.95" z="7057.31" r="60"/>
        <zone name="InfectedVillage" smin="0" smax="0" dmin="1" dmax="2" x="7070.73" z="7419.14" r="60"/>
        <zone name="InfectedVillage" smin="0" smax="0" dmin="1" dmax="2" x="8279.17" z="9804.98" r="60"/>
        <zone name="InfectedVillage" smin="0" smax="0" dmin="1" dmax="2" x="6855.95" z="7057.31" r="60"/>
        <zone name="InfectedVillage" smin="0" smax="0" dmin="1" dmax="2" x="6414.79" z="6985.08" r="60"/>
        <zone name="InfectedVillage" smin="0" smax="0" dmin="1" dmax="2" x="4947.98" z="6176.43" r="60"/>
        <zone name="InfectedVillage" smin="0" smax="0" dmin="1" dmax="2" x="5579.74" z="9448.95" r="60"/>
        <zone name="InfectedVillage" smin="0" smax="0" dmin="1" dmax="2" x="6231.37" z="8880.01" r="60"/>
        <zone name="InfectedVillage" smin="0" smax="0" dmin="1" dmax="2" x="6374.36" z="8708.9" r="60"/>
    </territory>
    <territory color="1910952871">
        <zone name="InfectedSolitude" smin="0" smax="0" dmin="1" dmax="4" x="10710" z="10840" r="100"/>
        <zone name="InfectedSolitude" smin="0" smax="0" dmin="1" dmax="4" x="1752" z="5087" r="100"/>
        <zone name="InfectedSolitude" smin="0" smax="0" dmin="1" dmax="4" x="6767.5" z="5592.5" r="100"/>
        <zone name="InfectedSolitude" smin="0" smax="0" dmin="1" dmax="4" x="5408.24" z="5487.35" r="80"/>
        <zone name="InfectedSolitude" smin="0" smax="0" dmin="1" dmax="4" x="8395" z="4945" r="100"/>
        <zone name="InfectedSolitude" smin="0" smax="0" dmin="1" dmax="4" x="5900" z="11265" r="100"/>
        <zone name="InfectedSolitude" smin="0" smax="0" dmin="1" dmax="4" x="6435" z="14965" r="100"/>
        <zone name="InfectedSolitude" smin="0" smax="0" dmin="1" dmax="4" x="4510" z="12920" r="100"/>
        <zone name="InfectedSolitude" smin="0" smax="0" dmin="1" dmax="4" x="3965" z="12550" r="100"/>
        <zone name="InfectedSolitude" smin="0" smax="0" dmin="1" dmax="4" x="4895" z="11815" r="100"/>
        <zone name="InfectedSolitude" smin="0" smax="0" dmin="1" dmax="4" x="5260" z="10525" r="100"/>
        <zone name="InfectedSolitude" smin="0" smax="0" dmin="1" dmax="4" x="10525.7" z="7007.14" r="100"/>
        <zone name="InfectedSolitude" smin="0" smax="0" dmin="1" dmax="4" x="9745.71" z="13105.7" r="100"/>
        <zone name="InfectedSolitude" smin="0" smax="0" dmin="1" dmax="4" x="11255" z="4275" r="80"/>
        <zone name="InfectedSolitude" smin="0" smax="0" dmin="1" dmax="4" x="7220" z="6990" r="120"/>
        <zone name="InfectedSolitude" smin="0" smax="0" dmin="1" dmax="4" x="8120" z="10985" r="100"/>
        <zone name="InfectedSolitude" smin="0" smax="0" dmin="1" dmax="4" x="9745" z="13905" r="100"/>
        <zone name="InfectedSolitude" smin="0" smax="0" dmin="1" dmax="4" x="5364.55" z="3722.73" r="160"/>
        <zone name="InfectedSolitude" smin="0" smax="0" dmin="1" dmax="4" x="2588.57" z="3458.57" r="80"/>
        <zone name="InfectedSolitude" smin="0" smax="0" dmin="1" dmax="4" x="2756.67" z="3093.33" r="80"/>
        <zone name="InfectedSolitude" smin="0" smax="0" dmin="1" dmax="4" x="3978" z="4728" r="80"/>
        <zone name="InfectedSolitude" smin="0" smax="0" dmin="1" dmax="4" x="3231" z="6114" r="80"/>
        <zone name="InfectedSolitude" smin="0" smax="0" dmin="1" dmax="4" x="2268" z="6255" r="80"/>
        <zone name="InfectedSolitude" smin="0" smax="0" dmin="1" dmax="4" x="1956" z="7042" r="90"/>
        <zone name="InfectedSolitude" smin="0" smax="0" dmin="1" dmax="4" x="2179.67" z="7903.33" r="80"/>
        <zone name="InfectedSolitude" smin="0" smax="0" dmin="1" dmax="4" x="1971.33" z="9153.33" r="80"/>
        <zone name="InfectedSolitude" smin="0" smax="0" dmin="1" dmax="4" x="2748" z="9504" r="80"/>
        <zone name="InfectedSolitude" smin="0" smax="0" dmin="1" dmax="4" x="3102" z="9210" r="80"/>
        <zone name="InfectedSolitude" smin="0" smax="0" dmin="1" dmax="4" x="3326.57" z="11237.1" r="120"/>
        <zone name="InfectedSolitude" smin="0" smax="0" dmin="1" dmax="4" x="204" z="12513" r="80"/>
        <zone name="InfectedSolitude" smin="0" smax="0" dmin="1" dmax="4" x="2580" z="14825" r="80"/>
        <zone name="InfectedSolitude" smin="0" smax="0" dmin="1" dmax="4" x="3192.5" z="15292.5" r="80"/>
        <zone name="InfectedSolitude" smin="0" smax="0" dmin="1" dmax="4" x="2882.5" z="15167.5" r="80"/>
        <zone name="InfectedSolitude" smin="0" smax="0" dmin="1" dmax="4" x="3042.5" z="15212.5" r="80"/>
        <zone name="InfectedSolitude" smin="0" smax="0" dmin="1" dmax="4" x="2260" z="15242.5" r="100"/>
        <zone name="InfectedSolitude" smin="0" smax="0" dmin="1" dmax="4" x="3705" z="14827.5" r="90"/>
        <zone name="InfectedSolitude" smin="0" smax="0" dmin="1" dmax="4" x="4492.5" z="15227.5" r="90"/>
        <zone name="InfectedSolitude" smin="0" smax="0" dmin="1" dmax="4" x="4352.5" z="13720" r="90"/>
        <zone name="InfectedSolitude" smin="0" smax="0" dmin="1" dmax="4" x="5185" z="14940" r="60"/>
        <zone name="InfectedSolitude" smin="0" smax="0" dmin="1" dmax="4" x="5652.5" z="14567.5" r="60"/>
        <zone name="InfectedSolitude" smin="0" smax="0" dmin="1" dmax="4" x="5437.5" z="14540" r="60"/>
        <zone name="InfectedSolitude" smin="0" smax="0" dmin="1" dmax="4" x="3987" z="13938" r="60"/>
        <zone name="InfectedSolitude" smin="0" smax="0" dmin="1" dmax="4" x="4587" z="11610" r="80"/>
        <zone name="InfectedSolitude" smin="0" smax="0" dmin="1" dmax="4" x="4173" z="12111" r="80"/>
        <zone name="InfectedSolitude" smin="0" smax="0" dmin="1" dmax="4" x="3633" z="8064" r="80"/>
        <zone name="InfectedSolitude" smin="0" smax="0" dmin="1" dmax="4" x="5523" z="7257" r="80"/>
        <zone name="InfectedSolitude" smin="0" smax="0" dmin="1" dmax="4" x="3696" z="8262" r="80"/>
        <zone name="InfectedSolitude" smin="0" smax="0" dmin="1" dmax="4" x="7422" z="9105" r="80"/>
        <zone name="InfectedSolitude" smin="0" smax="0" dmin="1" dmax="4" x="6907.5" z="11415" r="90"/>
        <zone name="InfectedSolitude" smin="0" smax="0" dmin="1" dmax="4" x="7233.75" z="11332.5" r="80"/>
        <zone name="InfectedSolitude" smin="0" smax="0" dmin="1" dmax="4" x="7848.75" z="11553.8" r="80"/>
        <zone name="InfectedSolitude" smin="0" smax="0" dmin="1" dmax="4" x="6566.25" z="5595" r="80"/>
        <zone name="InfectedSolitude" smin="0" smax="0" dmin="1" dmax="4" x="6015" z="5606.25" r="80"/>
        <zone name="InfectedSolitude" smin="0" smax="0" dmin="1" dmax="4" x="7065" z="4308.75" r="80"/>
        <zone name="InfectedSolitude" smin="0" smax="0" dmin="1" dmax="4" x="6258.75" z="3783.75" r="80"/>
        <zone name="InfectedSolitude" smin="0" smax="0" dmin="7" dmax="13" x="10312.5" z="3502.5" r="80"/>
        <zone name="InfectedSolitude" smin="0" smax="0" dmin="7" dmax="13" x="9277.5" z="4961.25" r="100"/>
        <zone name="InfectedSolitude" smin="0" smax="0" dmin="1" dmax="4" x="8366.25" z="5981.25" r="100"/>
        <zone name="InfectedSolitude" smin="0" smax="0" dmin="1" dmax="4" x="11515.5" z="5020.5" r="60"/>
        <zone name="InfectedSolitude" smin="0" smax="0" dmin="1" dmax="4" x="12180" z="5049" r="60"/>
        <zone name="InfectedSolitude" smin="0" smax="0" dmin="1" dmax="4" x="12297" z="5586" r="60"/>
        <zone name="InfectedSolitude" smin="0" smax="0" dmin="1" dmax="4" x="12621" z="5730" r="60"/>
        <zone name="InfectedSolitude" smin="0" smax="0" dmin="1" dmax="4" x="12915" z="5619" r="60"/>
        <zone name="InfectedSolitude" smin="0" smax="0" dmin="1" dmax="4" x="13215" z="5436" r="60"/>
        <zone name="InfectedSolitude" smin="0" smax="0" dmin="1" dmax="4" x="12306" z="8433" r="100"/>
        <zone name="InfectedSolitude" smin="0" smax="0" dmin="1" dmax="4" x="9780" z="7785" r="100"/>
        <zone name="InfectedSolitude" smin="0" smax="0" dmin="1" dmax="4" x="9084" z="8043" r="100"/>
        <zone name="InfectedSolitude" smin="0" smax="0" dmin="1" dmax="4" x="13472.7" z="3291.82" r="80"/>
        <zone name="InfectedSolitude" smin="0" smax="0" dmin="1" dmax="4" x="13579.1" z="3054.55" r="60"/>
        <zone name="InfectedSolitude" smin="0" smax="0" dmin="1" dmax="4" x="13472.7" z="2833.64" r="60"/>
        <zone name="InfectedSolitude" smin="0" smax="0" dmin="1" dmax="4" x="13860" z="2888.18" r="60"/>
        <zone name="InfectedSolitude" smin="0" smax="0" dmin="1" dmax="4" x="11657.3" z="7323.86" r="100"/>
        <zone name="InfectedSolitude" smin="0" smax="0" dmin="1" dmax="4" x="3480" z="3806.25" r="60"/>
        <zone name="InfectedSolitude" smin="0" smax="0" dmin="1" dmax="4" x="10215" z="12036" r="100"/>
        <zone name="InfectedSolitude" smin="0" smax="0" dmin="1" dmax="4" x="10956" z="13383" r="100"/>
        <zone name="InfectedSolitude" smin="0" smax="0" dmin="1" dmax="4" x="14266.7" z="14852.6" r="120"/>
        <zone name="InfectedSolitude" smin="0" smax="0" dmin="1" dmax="4" x="15153" z="13842" r="100"/>
        <zone name="InfectedSolitude" smin="0" smax="0" dmin="1" dmax="4" x="14817" z="14577" r="80"/>
        <zone name="InfectedSolitude" smin="0" smax="0" dmin="1" dmax="4" x="13167" z="13113" r="100"/>
        <zone name="InfectedSolitude" smin="0" smax="0" dmin="1" dmax="4" x="11501.2" z="10631.2" r="110"/>
        <zone name="InfectedSolitude" smin="0" smax="0" dmin="1" dmax="4" x="13503.8" z="12142.5" r="100"/>
        <zone name="InfectedSolitude" smin="0" smax="0" dmin="1" dmax="4" x="10931.2" z="9105" r="100"/>
        <zone name="InfectedSolitude" smin="0" smax="0" dmin="1" dmax="4" x="12608.6" z="4393.93" r="90"/>
        <zone name="InfectedSolitude" smin="0" smax="0" dmin="1" dmax="4" x="13267.5" z="3955" r="100"/>
        <zone name="InfectedSolitude" smin="0" smax="0" dmin="1" dmax="4" x="12858.9" z="4441.43" r="90"/>
        <zone name="InfectedSolitude" smin="0" smax="0" dmin="1" dmax="4" x="589.286" z="5427.86" r="80"/>
        <zone name="InfectedSolitude" smin="0" smax="0" dmin="1" dmax="4" x="535.714" z="5262.86" r="80"/>
        <zone name="InfectedSolitude" smin="0" smax="0" dmin="1" dmax="4" x="289.286" z="5297.86" r="80"/>
        <zone name="InfectedSolitude" smin="0" smax="0" dmin="1" dmax="4" x="1075.71" z="6625.71" r="80"/>
        <zone name="InfectedSolitude" smin="0" smax="0" dmin="1" dmax="4" x="1215.54" z="8775" r="80"/>
        <zone name="InfectedSolitude" smin="0" smax="0" dmin="1" dmax="4" x="1570.71" z="8952.86" r="80"/>
        <zone name="InfectedSolitude" smin="0" smax="0" dmin="1" dmax="4" x="2014.29" z="9840" r="80"/>
        <zone name="InfectedSolitude" smin="0" smax="0" dmin="1" dmax="4" x="1907.14" z="12010.7" r="80"/>
        <zone name="InfectedSolitude" smin="0" smax="0" dmin="1" dmax="4" x="2539.29" z="11940" r="80"/>
        <zone name="InfectedSolitude" smin="0" smax="0" dmin="1" dmax="4" x="2359.29" z="11796.4" r="80"/>
        <zone name="InfectedSolitude" smin="0" smax="0" dmin="1" dmax="4" x="2035.71" z="11340" r="80"/>
        <zone name="InfectedSolitude" smin="0" smax="0" dmin="1" dmax="4" x="1077" z="9999" r="100"/>
        <zone name="InfectedSolitude" smin="0" smax="0" dmin="1" dmax="4" x="1575" z="10440.8" r="100"/>
        <zone name="InfectedSolitude" smin="0" smax="0" dmin="1" dmax="4" x="1278" z="10044" r="100"/>
        <zone name="InfectedSolitude" smin="0" smax="0" dmin="1" dmax="4" x="161.25" z="10417.5" r="60"/>
        <zone name="InfectedSolitude" smin="0" smax="0" dmin="1" dmax="4" x="270" z="6603.75" r="80"/>
        <zone name="InfectedSolitude" smin="0" smax="0" dmin="1" dmax="4" x="213.75" z="7481.25" r="80"/>
        <zone name="InfectedSolitude" smin="0" smax="0" dmin="1" dmax="4" x="663.75" z="5696.25" r="80"/>
        <zone name="InfectedSolitude" smin="0" smax="0" dmin="1" dmax="4" x="3595" z="6965" r="80"/>
        <zone name="InfectedSolitude" smin="0" smax="0" dmin="1" dmax="4" x="1164" z="4590" r="80"/>
        <zone name="InfectedSolitude" smin="0" smax="0" dmin="1" dmax="4" x="417" z="5163" r="80"/>
        <zone name="InfectedSolitude" smin="0" smax="0" dmin="1" dmax="4" x="261" z="3774" r="80"/>
        <zone name="InfectedSolitude" smin="0" smax="0" dmin="1" dmax="4" x="1116" z="2394" r="80"/>
        <zone name="InfectedSolitude" smin="0" smax="0" dmin="1" dmax="4" x="4930" z="14887.5" r="60"/>
        <zone name="InfectedSolitude" smin="0" smax="0" dmin="1" dmax="4" x="3300" z="15007.5" r="80"/>
        <zone name="InfectedSolitude" smin="0" smax="0" dmin="1" dmax="4" x="11035" z="6665" r="100"/>
        <zone name="InfectedSolitude" smin="0" smax="0" dmin="1" dmax="4" x="3005" z="6732.5" r="80"/>
    </territory>
    <territory color="1289674462">
        <zone name="InfectedPrisoner" smin="0" smax="0" dmin="10" dmax="20" x="2698.18" z="1285.76" r="150"/>
    </territory>
    <territory color="1790009876">
        <zone name="InfectedFirefighter" smin="0" smax="0" dmin="1" dmax="4" x="6502.79" z="2335.25" r="50"/>
        <zone name="InfectedFirefighter" smin="0" smax="0" dmin="1" dmax="4" x="10282.5" z="2176.25" r="50"/>
        <zone name="InfectedFirefighter" smin="0" smax="0" dmin="1" dmax="4" x="12807" z="9975" r="50"/>
        <zone name="InfectedFirefighter" smin="0" smax="0" dmin="1" dmax="4" x="12183" z="13869.4" r="50"/>
        <zone name="InfectedFirefighter" smin="0" smax="0" dmin="1" dmax="4" x="7626.67" z="12643.3" r="50"/>
        <zone name="InfectedFirefighter" smin="0" smax="0" dmin="1" dmax="4" x="2604" z="5091" r="50"/>
        <zone name="InfectedFirefighter" smin="0" smax="0" dmin="1" dmax="4" x="6280.71" z="2721.43" r="70"/>
    </territory>
    <territory color="1136576269">
        <zone name="InfectedCity" smin="0" smax="0" dmin="5" dmax="10" x="6709.29" z="2565.92" r="160"/>
        <zone name="InfectedCity" smin="0" smax="0" dmin="10" dmax="15" x="7765.09" z="12650.8" r="120"/>
        <zone name="InfectedCity" smin="0" smax="0" dmin="5" dmax="10" x="12890.3" z="10072.1" r="130"/>
        <zone name="InfectedCity" smin="0" smax="0" dmin="10" dmax="15" x="8048.9" z="12663.5" r="140"/>
        <zone name="InfectedCity" smin="0" smax="0" dmin="5" dmax="10" x="12211.7" z="9732.79" r="150"/>
        <zone name="InfectedCity" smin="0" smax="0" dmin="10" dmax="15" x="3357.72" z="13141.2" r="140"/>
        <zone name="InfectedCity" smin="0" smax="0" dmin="10" dmax="15" x="2749.17" z="5387.09" r="120"/>
        <zone name="InfectedCity" smin="0" smax="0" dmin="5" dmax="10" x="11951.4" z="9098.72" r="180"/>
        <zone name="InfectedCity" smin="0" smax="0" dmin="10" dmax="15" x="13844.1" z="13275.6" r="120"/>
        <zone name="InfectedCity" smin="0" smax="0" dmin="12" dmax="16" x="11553.9" z="14610.2" r="240"/>
        <zone name="InfectedCity" smin="0" smax="0" dmin="10" dmax="15" x="10085.5" z="1883.76" r="100"/>
        <zone name="InfectedCity" smin="0" smax="0" dmin="10" dmax="15" x="10494.1" z="2294.12" r="130"/>
        <zone name="InfectedCity" smin="0" smax="0" dmin="8" dmax="12" x="11027.9" z="14370.7" r="140"/>
        <zone name="InfectedCity" smin="0" smax="0" dmin="8" dmax="8" x="14075.5" z="13197.8" r="120"/>
        <zone name="InfectedCity" smin="0" smax="0" dmin="5" dmax="10" x="10077.9" z="2111.79" r="130"/>
        <zone name="InfectedCity" smin="0" smax="0" dmin="5" dmax="10" x="10324.3" z="2125.71" r="100"/>
        <zone name="InfectedCity" smin="0" smax="0" dmin="5" dmax="10" x="6163.01" z="3274.41" r="180"/>
        <zone name="InfectedCity" smin="0" smax="0" dmin="2" dmax="5" x="6430.84" z="2767.25" r="140"/>
        <zone name="InfectedCity" smin="0" smax="0" dmin="10" dmax="15" x="2695.13" z="5148.38" r="120"/>
        <zone name="InfectedCity" smin="0" smax="0" dmin="5" dmax="10" x="6329.46" z="2556.07" r="100"/>
        <zone name="InfectedCity" smin="0" smax="0" dmin="5" dmax="10" x="6832.29" z="3656.07" r="120"/>
        <zone name="InfectedCity" smin="0" smax="0" dmin="5" dmax="10" x="5851.79" z="2592.5" r="160"/>
        <zone name="InfectedCity" smin="0" smax="0" dmin="10" dmax="15" x="3387.62" z="12889.8" r="120"/>
        <zone name="InfectedCity" smin="0" smax="0" dmin="10" dmax="15" x="12120" z="13749" r="120"/>
        <zone name="InfectedCity" smin="0" smax="0" dmin="5" dmax="10" x="12727.5" z="9845" r="140"/>
        <zone name="InfectedCity" smin="0" smax="0" dmin="2" dmax="5" x="12170" z="9477.5" r="100"/>
        <zone name="InfectedCity" smin="0" smax="0" dmin="2" dmax="5" x="12387.5" z="9545" r="100"/>
        <zone name="InfectedCity" smin="0" smax="0" dmin="2" dmax="5" x="12657.5" z="9502.5" r="100"/>
        <zone name="InfectedCity" smin="0" smax="0" dmin="5" dmax="10" x="5446.25" z="2710" r="100"/>
        <zone name="InfectedCity" smin="0" smax="0" dmin="5" dmax="10" x="5588.75" z="2555" r="100"/>
        <zone name="InfectedCity" smin="0" smax="0" dmin="5" dmax="10" x="6601" z="3602" r="120"/>
        <zone name="InfectedCity" smin="0" smax="0" dmin="5" dmax="10" x="6471.43" z="2359.29" r="160"/>
        <zone name="InfectedCity" smin="0" smax="0" dmin="10" dmax="15" x="11048.6" z="12372.9" r="120"/>
        <zone name="InfectedCity" smin="0" smax="0" dmin="5" dmax="10" x="5685" z="2370" r="100"/>
    </territory>
</territory-type>
